,word,ner
0,उस ,o
1, समय ,o
2, सुन्दर ,B-PERSON
3, 'सब ,B-LOCATION
4, ओर ,B-PERSON
5, से ,o
6, सजे ,o
7, हुए ,o
8, श्वेत ,B-PERSON
9, मेघ ,B-PERSON
10, के ,o
11, तुल्य ,o
12, राक्षसों ,B-PERSON
13, के ,o
14, जो ,o
15," पद्माकार, ",o
16," स्वस्तिकाकार, ",o
17, और ,o
18, वर्धमान ,o
19, घर ,o
20," है, ",o
21, उन ,o
22, से ,o
23, इंका ,o
24, जगमन. ,B-PERSON
25, कर ,o
26, रही ,o
27," थी, ",o
28, राधा ,B-PERSON
29, के ,o
30, अर्थ ,o
31, वह ,o
32, श्रीमान् ,B-PERSON
33, घूमता ,o
34, हुमा ,B-PERSON
35, उसे ,o
36, देखता ,o
37, भया ,o
38, और ,o
39, आनन्दित ,o
40, होता ,o
41, भया ,o
42, ।। ,o
43," ३, ",B-COUNT
44, ४ ,B-COUNT
45, वहाँ ,o
46, राक्षसों ,B-PERSON
47, के ,B-PERSON
48, घरों ,o
49, में ,o
50, उसने ,o
51, अप ,B-PERSON
52," ""करते ",o
53, हुओं ,o
54, के ,B-PERSON
55, मन्त्र ,o
56, मुने ,B-PERSON
57, और ,B-PERSON
58, स्वाध्याय ,B-PERSON
59, में ,o
60, रत ,B-PERSON
61, राक्षसों ,B-PERSON
62, को ,o
63, देखा ,o
64, तब ,o
65, वह ,B-PERSON
66, उस ,B-LOCATION
67, सुन्दर ,B-PERSON
68, पड़ी ,o
69, माला ,I-LOCATION
70, की ,I-LOCATION
71, ओर ,o
72, मस्थित ,B-PERSON
73," हुआ, ",o
74, जो ,B-PERSON
75, उत्तम ,B-LOCATION
76, स्त्री ,B-PERSON
77, की ,B-PERSON
78, तरह ,B-LOCATION
79, रावण ,B-PERSON
80, की ,B-PERSON
81, बड़ी ,B-LOCATION
82, पारी ,B-PERSON
83, थी ,o
84, ओर ,o
85, शराब ,o
86, पीकर ,o
87, बन्द ,o
88," हुए, ",o
89, श्रीद ,B-PERSON
90, चमकते ,o
91, हुए ,B-PERSON
92, पलङ्ग ,B-LOCATION
93, -. ,B-PERSON
94, पर ,o
95, लेटे ,B-PERSON
96, हुए ,B-PERSON
97, राक्षसाधिपति ,B-PERSON
98, को ,B-PERSON
99, उस ,B-PERSON
100, महारानर ,B-PERSON
101, ने ,B-PERSON
102, देखा ,o
103, जो ,B-PERSON
104, अपनी ,B-PERSON
105, शोभा ,B-PERSON
106, से ,o
107, मानों ,o
108, उस ,B-PERSON
109, उत्तम ,o
110, भवन ,I-LOCATION
111, को ,o
112, शोभायमान ,o
113, करती ,o
114," थी, ",o
115, बद्द ,B-PERSON
116, मन्दोदरी ,B-PERSON
117," थी, ",B-LOCATION
118, जोकि ,B-PERSON
119, सुन्दर ,B-PERSON
120, रूपवती ,B-PERSON
121, वहां ,o
122, लेटी ,o
123, हुई ,o
124, थी ,o
125,सो ,o
126, मैंने ,o
127, शुद्ध ,o
128, मन ,o
129, से ,o
130, रावण ,B-PERSON
131, का ,o
132, पारा ,B-PERSON
133, अन्तःपुर ,B-LOCATION
134, ढूंढ ,o
135," लिया, ",o
136, पर ,o
137, जानकी ,B-PERSON
138, नहीं ,o
139, दीखती ,o
140, ) ,B-PERSON
141, सीता ,B-PERSON
142, के ,o
143, न ,B-PERSON
144, मिलन ,o
145, से ,B-PERSON
146, हनुमान ,B-PERSON
147, की ,B-PERSON
148, उदासी ,B-PERSON
149, सब ,B-PERSON
150, बद ,B-PERSON
151, महावानर ,B-PERSON
152, राम ,B-PERSON
153, की ,B-PERSON
154, इस ,B-PERSON
155, प्यारी ,B-PERSON
156, को ,o
157, न ,o
158, देखता ,o
159, हुआ ,o
160, सोचने ,o
161," लगा, ",o
162, निमन्देह ,B-PERSON
163, मैथिली ,B-LOCATION
164, सीता ,B-PERSON
165, जीती ,o
166, नहीं ,o
167," है, ",o
168, जिससे ,o
169, मुझे ,o
170, हूंढने ,o
171, हुए ,o
172, कहीं ,o
173, नहीं ,o
174, दीखती ,o
175, है ,o
176, यह ,o
177, सोचकर ,o
178, वह ,o
179, फिर ,o
180, हूँढने ,o
181," लगा, ",o
182, और ,o
183, बह ,o
184, मावानर ,B-PERSON
185, एक ,B-COUNT
186, अवकाश ,B-PERSON
187, में ,o
188, फिस!! ,B-PERSON
189, ८. ,B-PERSON
190, संगर ,B-PERSON
191, (१० ,B-COUNT
192, १३ ,B-COUNT
193, हनुमान ,B-PERSON
194, के ,B-PERSON
195, अनेक ,o
196, विध ,o
197, विचार ,o
198, मुहूर्तभर ,o
199, यह ,o
200, सोचकर ,o
201, और ,o
202, मन ,o
203, से ,o
204, निश्चय ,o
205, करके ,o
206, वह ,o
207, महा ,B-PERSON
208, तेजस्वी ,B-PERSON
209, उस ,o
210, मन्दिर ,I-LOCATION
211, के ,I-LOCATION
212, कोट ,I-LOCATION
213, को ,o
214, फांद ,o
215, गया ,o
216, वह ,o
217, वानर ,B-PERSON
218, वहां ,o
219, विचरता ,o
220, हुआ ,o
221, मनोरम ,o
222," मणिभूमिप, ",B-PERSON
223, चान्दी ,B-LOCATION
224, की ,o
225, सी ,o
226," भूमि, ",o
227, और ,o
228, सुनहरी ,o
229, मामयें ,o
230, देखता ,o
231, भया ,o
232,तब ,o
233, उस ,B-PERSON
234, वानर ,B-PERSON
235, ने ,o
236, सारे ,o
237, जगह ,o
238, में ,o
239, सुहावना ,o
240, एक ,o
241, पर्वत ,I-LOCATION
242," देखा, ",o
243, जो ,o
244, चाटियों ,o
245, में ,o
246, सब ,o
247, ओर ,o
248, से ,o
249, घिरा ,o
250, हुआ ,o
251, विचित्रकूट ,B-LOCATION
252, नामी ,B-PERSON
253, था ,B-LOCATION
254, वड़ ,B-PERSON
255, महादानर ,B-PERSON
256, पत्तों ,o
257, से ,o
258, पूर्ण ,o
259, उस ,o
260, वोक्षम ,o
261, पर ,o
262, चढ़ ,o
263," गया, ",o
264, कि ,o
265, यहां ,o
266, से ,o
267, मैं ,B-PERSON
268, राम ,B-LOCATION
269, के ,B-PERSON
270, देखने ,o
271, की ,o
272, लालसा ,o
273, गळी ,o
274, वैदेही ,B-PERSON
275, को ,B-LOCATION
276, देखूगा ,B-PERSON
277, और ,o
278, नद ,I-LOCATION
279, नदियों ,I-LOCATION
280, का ,I-LOCATION
281, पति ,B-PERSON
282, श्रीमान ,B-PERSON
283, सागर ,B-LOCATION
284, मैंने ,B-PERSON
285, लेघा ,B-LOCATION
286," है, ",B-PERSON
287, इस ,B-LOCATION
288, विशालनत्रा ,B-PERSON
289, के ,o
290, हेतु ,o
291, मैंने ,o
292, यह ,B-PERSON
293, सारी ,B-LOCATION
294, पुरी ,B-PERSON
295, ढूंढ़ी ,o
296, है ,o
297, से ,o
298, यह ,o
299, सुवर्ण ,B-PERSON
300, तुल्य ,B-LOCATION
301," रङ्गवाली, ",B-PERSON
302, नित्य ,o
303, हंसती ,o
304, हुई ,o
305, बोलने ,o
306, पाली ,o
307, इस ,o
308, तीन ,B-COUNT
309, दुःख ,o
310, को ,o
311, सह ,o
312, रही ,o
313," है, ",o
314, जोकि ,o
315, अनयों ,o
316, की ,o
317, योग्या ,o
318, नहीं ,o
319, है ,o
320, पति ,o
321, स्त्री ,B-PERSON
322, को ,o
323, भूषण ,B-PERSON
324, से ,o
325, भी ,o
326, बढ़कर ,o
327, शोभा ,o
328, देनेवाला ,o
329, होता ,o
330, है। ,o
331, यह ,o
332, बम ,o
333, से ,o
334, रहित ,o
335, हुई ,o
336, शोभा ,o
337, के ,o
338, योग्य ,o
339, भी ,o
340, शोभा ,o
341, नहीं ,o
342, पाती ,o
343, है ,o
344,उस ,o
345, समय ,o
346, मङ्गक ,B-PERSON
347, बाओं ,B-PERSON
348, और ,o
349, कानों ,B-PERSON
350, के ,o
351, प्यारे ,B-PERSON
352, शब्दों ,o
353, से ,o
354, महाबाहु ,B-PERSON
355, महाबड़ी ,B-LOCATION
356, रावण ,B-PERSON
357, जागा ,B-LOCATION
358, पहाने ,B-PERSON
359, जम्बी ,B-PERSON
360, महावानर ,B-PERSON
361, ने ,B-PERSON
362, उस ,B-PERSON
363, बेजात्री ,B-PERSON
364, को ,B-PERSON
365," देखा, ",o
366, तब ,B-PERSON
367, वह ,B-PERSON
368, बुद्धिमान् ,B-PERSON
369, वानर ,B-PERSON
370," "" ",B-PERSON
371, यह ,B-LOCATION
372, महावाहु ,B-PERSON
373, रावण ,B-PERSON
374," है"" ",o
375, ऐसा ,B-PERSON
376, सोचकर ,o
377, शाखाओं ,o
378, के ,o
379, अन्दर ,o
380, पत्नों ,B-PERSON
381, में ,o
382, छिय ,B-PERSON
383, गया ,o
384, ।। ,B-PERSON
385," ११, ",B-COUNT
386, १२ ,B-COUNT
387," च०१५, ",B-COUNT
388, २०) ,B-PERSON
389, रावण ,B-PERSON
390, को ,B-PERSON
391, देखकर ,B-PERSON
392, सीता ,B-PERSON
393, का ,B-PERSON
394, मय ,B-PERSON
395, मौर ,B-PERSON
396, रावण ,B-PERSON
397, का ,B-PERSON
398, प्रेम ,B-PERSON
399, दिखलाना ,o
400, तब ,B-PERSON
401, राक्षसाधिपति ,B-PERSON
402, रावण ,B-PERSON
403, को ,B-PERSON
404, देखते ,B-PERSON
405, ही ,B-PERSON
406, वरारोहा ,B-PERSON
407, सीता ,B-PERSON
408, मवल ,B-LOCATION
409, वायु ,B-PERSON
410, में ,B-LOCATION
411, कदली ,B-PERSON
412, की ,B-PERSON
413, तरह ,B-LOCATION
414, कांप ,B-PERSON
415, उठी ,B-PERSON
416, रावण ,B-PERSON
417, ने ,B-PERSON
418, राक्षसीगणों ,B-PERSON
419, से ,B-PERSON
420, रक्षा ,B-PERSON
421, की ,o
422," हुई, ",B-PERSON
423," दीन, ",o
424, दुःख ,B-PERSON
425, से ,B-PERSON
426, पीड़ित ,o
427, सीता ,B-PERSON
428, को ,B-PERSON
429, समुद्र ,B-PERSON
430, में ,o
431, टूटी ,o
432, हुई ,o
433, नौकावत ,B-PERSON
434, देखा ,o
435, ।। ,B-PERSON
436, ३ ,B-COUNT
437, ।। ,o
438, खाली ,B-PERSON
439, भूमि ,o
440, पर ,o
441, बैठी ,o
442," हुई, ",o
443, तीक्ष्ण ,B-PERSON
444, प्रवाही ,o
445, (मानों ,o
446, रावण ,B-PERSON
447, के ,B-PERSON
448, षध ,B-PERSON
449, के ,o
450, लिए ,o
451, तीक्ष्ण ,B-PERSON
452, व्रत ,o
453, करती ,o
454, ई) ,B-PERSON
455, कटकर ,o
456, भूमि' ,o
457, पर ,o
458, गिरी ,o
459, वनस्पति ,B-PERSON
460, की ,o
461, शाखा ,B-PERSON
462, की ,o
463, सरह ,o
464, मुझे ,B-PERSON
465, देख ,o
466, कर ,o
467, हे ,B-PERSON
468, हाथी ,B-PERSON
469, के ,B-PERSON
470, मूह ,B-PERSON
471, के ,B-PERSON
472, तुल्प ,B-PERSON
473, रानों ,B-LOCATION
474, वाळी ,B-PERSON
475, २ ,B-COUNT
476, स्तन ,B-PERSON
477, भीर ,B-LOCATION
478, उदर ,B-PERSON
479, को ,o
480, छिपानी ,o
481, हुई ,o
482, मानों ,o
483, भय ,o
484, मे ,o
485, अपने ,o
486, पाप ,o
487, को ,o
488, अदृश्य ,o
489, कर ,o
490, रही ,o
491,सारे ,o
492, लोकों ,o
493, से ,o
494, पल ,o
495, से ,o
496, हर ,o
497, कर ,o
498, जो ,o
499, मैं ,o
500, रत्न ,o
501, लाचा ,o
502," हूं, ",o
503, हे ,o
504, भरु ,o
505, तुझे ,o
506, यह ,o
507, सारे ,o
508, और ,o
509, गज्य ,o
510, देता ,o
511, हूं ,o
512, व० ,B-PERSON
513, २६) ,B-PERSON
514, सीता ,B-PERSON
515, का ,B-PERSON
516, पवित्र ,o
517, उत्तर ,o
518, जम ,B-PERSON
519, रौद्र ,B-PERSON
520, राक्षस ,B-PERSON
521, के ,B-PERSON
522, वचन ,B-PERSON
523, का ,o
524, सुनकर ,o
525, रोसी ,B-PERSON
526, दुई ,B-PERSON
527, कांपती ,B-PERSON
528," हुई, ",o
529, बेचारी ,B-PERSON
530, दुखिया ,B-PERSON
531, सीता ,B-PERSON
532, ।।पनियता ,B-PERSON
533, शुद्ध ,B-PERSON
534, इंधीवाली ,B-LOCATION
535, परारोहा ,B-PERSON
536, पति ,B-PERSON
537, काही ,B-PERSON
538, चिन्तन ,o
539, करती ,o
540, हुई ,o
541, मध्य ,o
542, में ,o
543, तुण ,o
544, रखकर ,o
545, (दुष्ट ,o
546, अभिप्राय ,o
547, चाके ,o
548, में ,o
549, माक्षाव ,B-PERSON
550, बात ,o
551, करना ,o
552, भी ,o
553, प ,o
554, प ,o
555, जानकर ,o
556, उत्तर ,o
557, देवी ,B-PERSON
558, भईमैं ,B-PERSON
559, पतिव्रता ,B-PERSON
560, महान ,B-PERSON
561, कुल ,B-PERSON
562, में ,o
563, उत्पन्न ,o
564, हुई ,o
565, श्रीर ,B-PERSON
566, महा ,B-PERSON
567, कुल ,B-LOCATION
568, को ,B-PERSON
569, पात ,o
570, 'हुई ,B-PERSON
571, ऐसा ,o
572, निन्दित ,o
573, अकार्य ,o
574, नीं ,o
575, करूंगी ,o
576," अमितेन्द्रिय, ",o
577, अनीति ,B-PERSON
578, में ,o
579," रत, ",o
580, राजा ,B-PERSON
581, को ,o
582, पाकर ,o
583, समृदिशाली ,B-PERSON
584, भी ,o
585, नगर ,B-PERSON
586, और ,o
587, देश ,o
588, नष्ट ,o
589, होजाते ,o
590, हैं ,o
591, मैं ,B-PERSON
592," ऐश्वर्य, ",o
593, धा ,B-PERSON
594, धन ,o
595, से ,o
596, लुभाई ,o
597, नहीं ,o
598," जासक्ती, ",o
599, मैं ,B-PERSON
600, राघव ,B-PERSON
601, से ,o
602, इस ,o
603, तरह ,o
604, अभिन्न ,o
605," हूं, ",o
606, जैसे ,o
607, मूर्प ,B-PERSON
608, से ,o
609, प्रभा ,o
610, ।। ,o
611, १० ,o
612, ।। ,o
613, उस ,B-PERSON
614, लोकनाथ ,B-PERSON
615, की ,o
616, पूजित ,B-PERSON
617, भुजा ,B-PERSON
618, को ,o
619, सिर ,o
620, के ,o
621, नीचे ,o
622, रखकर ,o
623, अब ,o
624, कैसे ,o
625, किसी ,o
626, दूसरे ,B-PERSON
627, की ,o
628, भुजा ,B-PERSON
629, को ,o
630, सिर ,o
631, के ,o
632, नीचे ,o
633, रखुगी ,B-PERSON
634,यह ,o
635, देदा ,o
636, काम ,o
637, । ,o
638, मनुष्यों ,B-PERSON
639, का ,o
640, जिसमें ,o
641, बच ,o
642, जाता ,o
643," है, ",o
644, उस ,o
645, जन ,B-PERSON
646, पर ,o
647, दया ,B-PERSON
648, और ,o
649, मेह ,o
650, । ,o
651, पत्रम ,o
652, होजाता ,o
653, है। ,o
654, इसकारण ,o
655, से ,o
656, हे ,o
657, वरानने ,B-PERSON
658, मैं ,o
659, तुझे ,o
660, मारवा ,o
661, नहीं ,o
662, हूं. ,o
663, जो ,o
664, वध ,o
665, के ,o
666," योग्य, ",o
667, अपमान ,o
668, के ,o
669, योग्य ,o
670, और ,o
671, मिथ्यात्यागाविषय ,o
672, त्याग) ,o
673, में ,o
674, रस ,o
675, है ,o
676, । ,o
677, जो ,o
678, २ ,B-COUNT
679, कठोर ,o
680, वाक्य ,o
681, तु ,o
682, मुझे ,o
683, कहती ,o
684," है,उनर ",o
685, में ,o
686, है ,o
687, मैथिलि ,B-PERSON
688, तेरा ,B-PERSON
689, दारुण ,B-PERSON
690, क्ध ,B-PERSON
691, युक्त ,o
692, है ,o
693, यह ,o
694, तरे ,o
695, काले ,B-PERSON
696, कैरे ,B-PERSON
697, विकृत ,o
698, क्रूर ,B-PERSON
699, नेत्र ,B-PERSON
700, हे ,o
701, अन.ये ,B-PERSON
702, मेरी ,o
703, ओर ,o
704, देखते ,o
705, हुए ,o
706, के ,o
707, थिली ,o
708, पर ,o
709, क्यों ,o
710, नहीं ,o
711, गिर ,o
712, पड़वे ,o
713, ।। ,o
714, १४ ,B-COUNT
715, । ,o
716, उत ,o
717, धर्मात्मा ,B-PERSON
718, की ,o
719, पत्नी ,B-PERSON
720, दश ,B-PERSON
721, ध.की ,B-PERSON
722, स्तुपा ,B-PERSON
723, मुझको ,o
724, ऐनी ,B-PERSON
725, बात ,o
726, करते ,o
727, हुए ,o
728, दे ,o
729, पापी ,B-PERSON
730, सरी ,B-PERSON
731, जिला ,o
732, क्यों ,B-PERSON
733, नहीं ,o
734, फट ,o
735, जातीमुझे ,o
736, धर्मास्मा ,B-PERSON
737, राम ,B-PERSON
738, की ,o
739, आशा ,B-PERSON
740, नहीं ,o
741, और ,o
742, आप ,B-PERSON
743, को ,o
744, बचाना ,o
745," है, ",o
746, इसलिये ,o
747, हे ,B-PERSON
748, रावण ,B-PERSON
749, मैं ,B-PERSON
750, तुझे ,o
751, अपने ,o
752, (पातिप्रस ,B-PERSON
753, के) ,B-PERSON
754, तेजस ,B-PERSON
755, भस्म ,o
756, नहीं ,o
757, करती ,o
758," है, ",o
759, यद्यपि ,o
760, त् ,o
761, भस्म ,B-PERSON
762, के ,o
763, योग्य ,o
764, है ,o
765, वण ,B-PERSON
766, का ,o
767, सीना ,B-PERSON
768, पर ,o
769, क्रोध ,B-PERSON
770, सीता ,B-PERSON
771, के ,B-PERSON
772, वचन ,o
773, को ,o
774, सुनकर ,o
775, साक्षसपति ,B-PERSON
776, रावण ,B-PERSON
777, क्रूर ,B-PERSON
778, मेवों ,B-PERSON
779, को ,o
780, मोड़कर ,o
781, जानकी ,B-PERSON
782, की ,o
783, ओर ,o
784, देखता ,o
785, भया ,o
786, शत्रुओं ,B-PERSON
787, के ,o
788, रुलाने ,o
789," वाला, ",o
790, राजा-रावण ,B-PERSON
791, यैथिली ,B-PERSON
792, को ,B-PERSON
793, यह ,o
794, कहकर ,o
795, फिर ,o
796, भयङ्कर ,B-PERSON
797," दर्शनवाली, ",o
798, राक्षसियों ,B-PERSON
799, की ,o
800, और ,o
801, देखता ,o
802, भया ,o
803,ई ,o
804, सीते ,o
805, बहुमूल्य ,o
806, शय्याओं ,o
807, से ,o
808, युक्त ,o
809, सबलोगों ,o
810, के ,o
811, मन ,o
812, को ,o
813, लुभानेवाले ,o
814, अन्तःपुर ,B-PERSON
815, में ,o
816, वास ,o
817, तू ,o
818, क्यों ,o
819, पसन्द ,o
820, नहीं ,o
821, करती ,o
822, बिलोकी ,B-PERSON
823, के ,o
824, ऐश्वर्य ,B-PERSON
825, को ,o
826, भोगने ,o
827, वाले ,o
828, रामसेमा ,B-PERSON
829, रावण ,B-PERSON
830, को ,B-PERSON
831, भर्ता ,B-PERSON
832, चनाकार ,B-PERSON
833, मुख ,B-PERSON
834, पूर्वक ,o
835, निहार ,B-PERSON
836, कर ,o
837, दीन ,B-PERSON
838, वा ,o
839, राज्यहीन ,B-PERSON
840," है, ",o
841, जो ,o
842, मेरा ,o
843, भा ,o
844," है, ",o
845, वह ,o
846, मेरा ,o
847, गुरु ,B-PERSON
848," है, ",o
849, उस ,o
850, पर ,o
851, सदा ,o
852, अनुरक्त ,o
853," है, ",o
854, जैसे ,o
855, सूर्य ,B-PERSON
856, पर ,o
857, सुघर्षला ,B-PERSON
858, खिया ,B-PERSON
859, सुन्दरी ,B-PERSON
860," "" ",B-PERSON
861, हा ,B-LOCATION
862," सम"" ",B-PERSON
863, का ,B-PERSON
864," लक्ष्मण, ",B-PERSON
865, हा ,B-LOCATION
866, परी ,B-PERSON
867, सास ,B-LOCATION
868," कोरपा, ",B-PERSON
869, हा ,B-PERSON
870," पुमित्रा, ",B-PERSON
871, पापार ,B-PERSON
872, २ ,B-COUNT
873, कहती ,B-PERSON
874, भई ,o
875, । ,o
876, विद्वानों ,B-PERSON
877, ने ,B-PERSON
878, यह ,o
879, कहावत ,o
880, ठीक ,o
881, कही ,o
882," है, ",o
883, किरिना ,B-PERSON
884, काळ ,B-PERSON
885, के ,B-PERSON
886, स्त्री ,B-PERSON
887, पा ,o
888, पुरुष ,B-PERSON
889, को ,o
890, प्रत्यु ,B-PERSON
891, दुर्बम ,o
892, है ,o
893, | ,o
894, जब ,o
895, कि ,o
896, में ,o
897, इन ,o
898, क्रूर ,B-PERSON
899, राक्षसियों ,B-PERSON
900, से ,o
901, यहां ,o
902, पीड़ित ,o
903, हो ,o
904, राप ,B-PERSON
905, में ,o
906, वियुक्त ,B-PERSON
907, हो ,o
908, दुखिपा ,B-PERSON
909, होकर ,o
910, मुईत ,B-PERSON
911, मी ,o
912, भीती ,o
913, हूं ,o
914, 1 ,o
915, विज्ञार ,B-PERSON
916, है ,o
917, मनुष्यता ,o
918, को ,o
919, और ,o
920, विकार ,o
921, है ,o
922, पराधीनता ,o
923," को, ",o
924, जिम ,o
925, में ,o
926, कि ,o
927, अपनी ,o
928, इच्छा ,o
929, से ,o
930, जीवन ,o
931, भी ,o
932, नही ,o
933, फामा ,B-PERSON
934, आरक्ता ,B-PERSON
935, ३१२ ,B-COUNT
936, मैं ,B-PERSON
937, राक्षस ,B-PERSON
938, रावण ,B-PERSON
939, को ,o
940, चाएं ,o
941, पाओं ,o
942, से ,o
943, भी ,o
944, नहीं ,o
945," छूगी, ",o
946, क्या ,o
947, फिर ,o
948, में ,o
949, उसे ,o
950, कामना ,o
951, कर ,o
952,वह ,o
953, भरत ,B-PERSON
954, का ,B-PERSON
955, पड़ा ,o
956, भाई ,B-PERSON
957, गम ,B-LOCATION
958, मुमो ,B-PERSON
959, जीती ,o
960, हुई ,o
961, नहीं ,o
962, जानता ,o
963," है, ",o
964, वह ,o
965, जानते ,o
966, तो ,o
967, क्या. ,o
968, पृथिवी ,B-PERSON
969, में ,o
970, ढूंद ,o
971, भाळ ,o
972, न ,o
973, करते ,o
974, अथवा ,o
975, निःसन्देह ,o
976, मेरे ,o
977, ही ,o
978, शोक ,B-PERSON
979, से ,o
980, वह ,B-PERSON
981, वीर ,B-PERSON
982, लक्ष्मण ,B-PERSON
983, का ,B-PERSON
984, बड़ा ,B-PERSON
985, भाई ,B-PERSON
986, पृथिवी ,B-PERSON
987, पर ,o
988, देह ,B-PERSON
989, को ,o
990, याग ,B-PERSON
991, कर ,o
992, यहाँ ,o
993, मे ,o
994, देवलोक ,B-PERSON
995, को ,o
996, चला ,o
997, गया ,o
998, पेरे ,o
999, वहां ,o
1000, चले ,o
1001, जाने ,o
1002, पर ,o
1003, यह ,B-PERSON
1004, यशस्विनी ,B-LOCATION
1005, राजपुषी ,B-PERSON
1006, मानकी ,B-LOCATION
1007, परित्राण ,B-PERSON
1008, न ,o
1009, देखती ,o
1010, हुई ,o
1011, जीवन ,o
1012, को ,o
1013, साग ,o
1014, देगी ,o
1015, इसी ,o
1016, सविशेष ,o
1017, यदि ,o
1018, में ,o
1019, इसे ,o
1020, तसल्ली ,o
1021, न ,o
1022, दे ,o
1023," सका, ",o
1024, तो ,o
1025, बिस्कुल ,o
1026, पन्दे। ,o
1027," नहीं, ",o
1028, कि ,o
1029, यह ,o
1030, जीवन ,o
1031, याग ,B-PERSON
1032, देनी ,o
1033, वह ,B-PERSON
1034, सची ,B-LOCATION
1035, प्रतिज्ञापाले ,B-PERSON
1036, उस ,B-PERSON
1037, वृद्ध ,B-PERSON
1038, पिता ,B-PERSON
1039, के ,B-PERSON
1040, वचन ,B-PERSON
1041, से ,o
1042, भार्या ,B-PERSON
1043, और ,B-PERSON
1044, भाई ,B-PERSON
1045, समेत ,B-PERSON
1046, वन ,B-PERSON
1047, को ,o
1048, रवाना ,o
1049, हुआ ,o
1050,",३४) ",o
1051, पनुमार ,B-PERSON
1052, का ,B-PERSON
1053, सीता ,B-PERSON
1054, के ,B-PERSON
1055, समीप ,o
1056, माना ,o
1057, और ,o
1058, सौता ,B-PERSON
1059, का ,o
1060, सन्देह ,B-PERSON
1061, तच ,B-LOCATION
1062, यह ,B-PERSON
1063, उस ,B-LOCATION
1064, वृक्ष ,B-PERSON
1065, ये ,o
1066, जरूर ,o
1067, कर ,o
1068, पास ,o
1069, श्रामणाम ,B-PERSON
1070, करके ,o
1071, पवनपुत्र ,B-PERSON
1072, हनुमान ,B-PERSON
1073, सिर ,B-PERSON
1074, पर ,B-LOCATION
1075, हाय ,B-PERSON
1076, बांधकर ,o
1077, मधुर ,B-PERSON
1078, वाणी ,B-PERSON
1079, से ,B-PERSON
1080, उस ,B-PERSON
1081, सीता ,B-PERSON
1082, से ,B-PERSON
1083, बोला ,B-PERSON
1084, राम ,B-PERSON
1085, के ,B-PERSON
1086, सन्देश ,B-PERSON
1087, से ,B-PERSON
1088, हे ,B-PERSON
1089, देवि ,B-PERSON
1090, ! ,B-PERSON
1091, मैं ,B-PERSON
1092, तेरे ,B-PERSON
1093, पास ,o
1094, दृत ,B-PERSON
1095, आया ,B-PERSON
1096," हूं, ",o
1097, से ,o
1098, पैदेहि ,B-PERSON
1099, ! ,B-PERSON
1100, राम ,B-PERSON
1101, कुशल ,B-PERSON
1102, से ,o
1103," हैं, ",o
1104, और ,o
1105, उन्होंने ,B-PERSON
1106, तुझ ,B-PERSON
1107, कुमाक ,B-PERSON
1108, कहा ,B-PERSON
1109, है ,o
1110, शोक ,B-PERSON
1111, से ,o
1112, सपी ,B-PERSON
1113, हुई ,o
1114, सीता ,B-PERSON
1115, के ,B-PERSON
1116, वचन ,B-PERSON
1117, को ,o
1118, पुनकर ,B-PERSON
1119, पवनपुत्र ,B-PERSON
1120, हनुमान ,B-PERSON
1121, उनके ,B-PERSON
1122, समीप ,B-COUNT
1123, २ ,B-COUNT
1124, होता ,o
1125, गया ,o
1126, तव ,B-PERSON
1127, उस ,B-PERSON
1128, महाबाहू ,B-PERSON
1129, ने ,B-PERSON
1130, जनकपुत्री ,B-PERSON
1131, को ,B-PERSON
1132, प्रणाम ,o
1133," किया, ",o
1134, पर ,o
1135, वह ,B-PERSON
1136, भय ,o
1137, से ,o
1138, डरी ,o
1139, हुई ,o
1140, फिर ,o
1141, उसकी ,o
1142, ओर ,o
1143, नहीं ,o
1144, देखती ,o
1145, भई ,o
1146," , ",B-PERSON
1147," ३५, ",B-COUNT
1148, ३६ ,B-COUNT
1149, ) ,B-PERSON
1150, हनुमान ,B-PERSON
1151, मोर ,B-PERSON
1152, सीता ,B-PERSON
1153, का ,B-PERSON
1154, सम्बाद। ,B-PERSON
1155, सीता ,B-PERSON
1156, के ,B-PERSON
1157, वचन ,o
1158, को ,o
1159, सुनकर ,o
1160, भयङ्कर ,B-PERSON
1161, पराक्रम ,o
1162, वाला ,B-PERSON
1163, इनुपान् ,B-PERSON
1164, हाथ ,B-PERSON
1165, जो ,o
1166, हुए ,o
1167, माथे ,B-PERSON
1168, पर ,o
1169, रखकर ,o
1170, यह ,o
1171, उत्तर ,o
1172, वाक्य ,o
1173, बोला ,o
1174,देव ,B-PERSON
1175, निःसन्देह ,B-PERSON
1176, रोका ,o
1177, नहीं ,o
1178," जासक्ता, ",o
1179, राम ,B-PERSON
1180, लक्ष्मण ,B-PERSON
1181, और ,B-PERSON
1182, मुझको ,B-PERSON
1183, विपत्तियों ,o
1184, से ,o
1185, मोहित ,o
1186, हुआ ,o
1187, देख ,o
1188, उसके ,B-PERSON
1189, भाई ,B-PERSON
1190, विभीषण ,B-PERSON
1191, ने ,B-PERSON
1192, मेरे ,o
1193, कापिस ,B-PERSON
1194, देने ,o
1195, के ,o
1196, लिये ,o
1197, बहुत ,o
1198, यत्न ,o
1199," किया, ",o
1200, पर ,o
1201, रावण ,B-PERSON
1202, यह ,o
1203, बुद्धि ,o
1204, नहीं ,o
1205, करता ,o
1206, है ,o
1207, -४०) ,o
1208, सीता ,B-PERSON
1209, फे ,B-PERSON
1210, राम ,B-PERSON
1211, को ,B-PERSON
1212, लन्देश ,B-PERSON
1213, यह ,B-PERSON
1214, सुनकर ,o
1215, उस ,B-PERSON
1216, बात ,o
1217, ये ,o
1218, सन्तुष्ट ,B-PERSON
1219, हुआ ,o
1220, वाक्य ,o
1221, निपुण ,B-PERSON
1222, वानर ,B-PERSON
1223, श्रेष्ठ ,B-PERSON
1224, सीता ,B-PERSON
1225, से ,o
1226, यह ,B-PERSON
1227, वाक्य ,o
1228, पोका ,B-PERSON
1229, ।। ,o
1230, १ ,B-PERSON
1231, हे ,B-PERSON
1232, देवि ,B-PERSON
1233, यह ,B-PERSON
1234, तेरा ,B-PERSON
1235, उस ,B-PERSON
1236, महात्मा ,B-PERSON
1237, की ,B-PERSON
1238, पत्नी ,B-PERSON
1239, होने ,o
1240, के ,o
1241, सटमा ,B-PERSON
1242, वचन ,B-PERSON
1243," है,कौन ",o
1244, तेरे ,B-PERSON
1245, बिना ,o
1246, हे ,B-PERSON
1247, देवि ,B-PERSON
1248, ऐसा ,o
1249, वचन ,B-PERSON
1250, का ,o
1251, सकी ,o
1252, है३ ,o
1253, राम ,B-PERSON
1254, मुझसे ,o
1255, यह ,o
1256, सब ,o
1257, पूरा ,o
1258, २ ,o
1259," सुनेंगे, ",o
1260, अब ,o
1261, मुझे ,o
1262, कोई ,o
1263, आभिज्ञान ,o
1264," दे, ",o
1265, जिसको ,o
1266, राम ,B-PERSON
1267, पहचान ,o
1268, लें ,o
1269, या ,o
1270, तब ,o
1271, वस्त्र ,o
1272, के ,o
1273, नीचे ,o
1274, से ,o
1275, सुन्दर ,B-PERSON
1276, दिव्य ,B-LOCATION
1277, चूड़ामणि ,B-PERSON
1278, (शिरोमणि) ,B-PERSON
1279, खोलकर ,B-PERSON
1280," ""यह ",B-LOCATION
1281, राम ,B-PERSON
1282, को ,o
1283," देना"" ",o
1284, ऐसा ,o
1285, करती ,o
1286, हुई ,o
1287, सीता ,B-PERSON
1288, ने ,B-PERSON
1289, हनुमान ,B-PERSON
1290, को ,B-PERSON
1291, दिया ,o
1292, ।। ,o
1293, ५ ,B-COUNT
1294,और ,o
1295, जेसे ,o
1296, यह ,o
1297, महायाह ,B-PERSON
1298, राम ,B-PERSON
1299, इस ,B-LOCATION
1300, दुखि ,B-PERSON
1301, समुद्र ,B-PERSON
1302, से ,o
1303, मुझे ,o
1304, पार ,o
1305," करे, ",o
1306, वैसा ,o
1307, ठीक ,o
1308, २ ,o
1309, करना ,o
1310, यह ,o
1311, मेरा ,o
1312, सीत्र ,o
1313, शोक ,o
1314, का ,o
1315," वेग, ",o
1316, इन ,o
1317, राक्षसों ,B-PERSON
1318, से ,o
1319, झिड़कें ,o
1320, यह ,o
1321, सम ,o
1322, के ,o
1323, समीप ,o
1324, जाकर ,o
1325," कहो, ",o
1326, हे ,B-PERSON
1327, मानरश्रेष्ठ ,o
1328, तेरा ,B-PERSON
1329, मार्ग ,o
1330, शुभ ,o
1331, हो ,o
1332, तब ,B-PERSON
1333, हनुमान ,B-PERSON
1334, ने ,B-PERSON
1335, उस ,B-PERSON
1336, प्रमदाधन ,B-PERSON
1337, को ,o
1338, तोड़ना ,o
1339, आरम्भ ,o
1340," किया, ",o
1341, जिसमें ,o
1342, मस्त ,o
1343, पंछी ,B-PERSON
1344, बोल ,o
1345, रहे ,o
1346," थे, ",o
1347, और ,o
1348, अनेक ,o
1349, वेळ ,B-PERSON
1350, यूटों ,B-PERSON
1351, से ,o
1352, युक्त ,o
1353, था ,o
1354, तव ,B-PERSON
1355, विकृत ,o
1356, सुखों ,B-PERSON
1357, पाली ,B-LOCATION
1358, * ,B-PERSON
1359, यहां ,o
1360, से ,o
1361, भागे ,B-PERSON
1362, जो ,B-PERSON
1363, हनुमान ,B-PERSON
1364, के ,B-PERSON
1365, साथ ,o
1366, युर ,B-PERSON
1367, दिखलाया ,o
1368," है, ",o
1369, उसमें ,o
1370, अत्युक्ति ,o
1371, अवश्य ,o
1372, है। ,o
1373, सम्भव ,o
1374," है, ",o
1375, कि ,o
1376, हनुमान ,B-PERSON
1377, ने ,B-PERSON
1378, राक्षसों ,B-PERSON
1379, से ,B-PERSON
1380, इन्दयुत ,B-PERSON
1381, मांगा ,B-PERSON
1382, हो। ,o
1383, इन ,o
1384, युद्ध ,B-PERSON
1385, में ,o
1386, एक ,B-COUNT
1387, के ,o
1388, सामने ,o
1389, एक ,B-COUNT
1390, ही ,o
1391, खड़ा ,o
1392, होता ,o
1393," था, ",o
1394, उसके ,o
1395, हार ,o
1396, जाने ,o
1397, पर ,o
1398, दूसरा ,B-PERSON
1399, सामने ,o
1400, होसका ,B-PERSON
1401, था ,B-LOCATION
1402, । ,B-PERSON
1403, रामसियें ,B-PERSON
1404, रावण ,B-PERSON
1405, के ,B-PERSON
1406, पास ,o
1407, जाकर ,B-PERSON
1408, एक ,B-PERSON
1409, अयङ्कार ,B-PERSON
1410, विरुप ,B-PERSON
1411, चानर ,B-PERSON
1412, का ,B-PERSON
1413, आना ,o
1414, उसे ,B-PERSON
1415, पतलाती ,B-LOCATION
1416, भैई ,B-PERSON
1417, ।। ,B-PERSON
1418, २.० ,B-COUNT
1419, पवनपुत्र ,B-PERSON
1420, वीर ,B-PERSON
1421, उन ,B-PERSON
1422, किंकरों ,B-PERSON
1423, को ,B-PERSON
1424, मार ,B-PERSON
1425, कर ,o
1426, वह ,B-PERSON
1427, महावीर ,B-PERSON
1428, युद्ध ,B-PERSON
1429, चाहता ,o
1430, हुआ ,o
1431, देउदी ,B-PERSON
1432, पर ,o
1433, स्थित ,o
1434, रहा ,o
1435,वेग ,o
1436, से ,o
1437, ताड़ना ,o
1438, किया ,o
1439, हुआ ,o
1440, वह ,o
1441, महारथी ,B-PERSON
1442, जम्बूपाली ,B-LOCATION
1443, अङ्गों ,B-PERSON
1444, के ,o
1445, चूर ,B-PERSON
1446, २ ,B-COUNT
1447, होजाने ,o
1448, से ,o
1449, वृक्ष ,I-LOCATION
1450, की ,I-LOCATION
1451, तरह ,o
1452, भूमि ,o
1453, पर ,o
1454, गिरा ,o
1455, ।। ,o
1456, ६ ,B-COUNT
1457, ।। ,o
1458, जम्बूमाली ,B-PERSON
1459, और ,B-PERSON
1460, महावली ,B-PERSON
1461, किंकरों ,B-PERSON
1462, को ,B-PERSON
1463, हत ,o
1464, हुआ ,o
1465, पून ,B-PERSON
1466, कर ,o
1467, रावण ,B-PERSON
1468, क्रोध ,B-PERSON
1469, से ,o
1470," भरगया, ",o
1471, और ,o
1472, उनके ,o
1473, नेश ,B-PERSON
1474, लाल ,B-PERSON
1475, होगये। ,o
1476, तब ,B-PERSON
1477, वह ,B-PERSON
1478, बीर ,B-PERSON
1479, वानर ,B-PERSON
1480, सन ,B-PERSON
1481, सेनापत्तियों ,B-LOCATION
1482, को ,B-PERSON
1483, सेना ,B-LOCATION
1484, और ,B-PERSON
1485, चाइनों ,B-LOCATION
1486, समेत ,B-PERSON
1487, मारकर ,B-PERSON
1488, मजा ,B-LOCATION
1489, के ,B-PERSON
1490, नाश ,B-PERSON
1491, में ,B-LOCATION
1492, काल ,B-PERSON
1493, की ,o
1494, तरह ,o
1495, देखड़ी ,B-PERSON
1496, पर ,o
1497, उत्सव ,B-PERSON
1498, मनावा ,o
1499, भया ,o
1500, ।।२३।। ,o
1501, उन ,B-PERSON
1502, पांच ,B-COUNT
1503, सेनापतियों ,I-PERSON
1504, को ,B-PERSON
1505, अनुघरों ,B-PERSON
1506, और ,o
1507, वाहनों ,B-PERSON
1508, समेत ,o
1509, मारा ,B-PERSON
1510, गया ,o
1511, सुनकर ,B-PERSON
1512, राजा ,B-PERSON
1513, ने ,B-PERSON
1514, युद्ध ,B-PERSON
1515, के ,o
1516, लिये ,o
1517, तय्यार ,B-PERSON
1518, सामने ,B-LOCATION
1519, खड़े ,B-PERSON
1520, हुए ,B-PERSON
1521, कुमार ,B-PERSON
1522, अक्ष ,B-PERSON
1523, को ,B-PERSON
1524, आज्ञा ,o
1525, दी ,o
1526, उसकी ,o
1527," भुजा, ",o
1528," राने, ",B-PERSON
1529, कमर ,B-PERSON
1530, और ,o
1531, छाती ,B-PERSON
1532, टूट ,o
1533," गई, ",o
1534, रुधिर ,o
1535, बहने ,o
1536," लगा, ",o
1537, दलियां ,o
1538, चूर ,o
1539, २ ,B-COUNT
1540, होगई ,o
1541, जोड़ ,o
1542, और ,o
1543, बन्धन ,o
1544, टूट ,o
1545," गये, ",o
1546, ऐसा ,o
1547, उस ,B-PERSON
1548, पवनपुत्र ,B-PERSON
1549, ने ,B-PERSON
1550, राक्षस ,B-PERSON
1551, को ,B-PERSON
1552, शयिती ,B-PERSON
1553, पर ,o
1554, मार ,B-PERSON
1555, पटका ,o
1556, ।। ,B-PERSON
1557, १७ ,B-COUNT
1558, ।। ,o
1559, मग ,B-PERSON
1560, २५ ,B-COUNT
1561, (प०४८-४२ ,I-PERSON
1562, ) ,B-PERSON
1563, मेघनाद ,B-PERSON
1564, से ,B-PERSON
1565, युद्ध ,B-PERSON
1566, हनुमान ,B-PERSON
1567, का ,B-PERSON
1568, बन्धना ,B-PERSON
1569, और ,B-PERSON
1570, रावण ,B-PERSON
1571, के ,B-PERSON
1572, दर्शन ,B-PERSON
1573, जय ,B-PERSON
1574, हनुमान ,B-PERSON
1575, ने ,B-PERSON
1576, कुमार ,B-PERSON
1577, अक्ष ,B-PERSON
1578, को ,B-PERSON
1579, मार ,B-PERSON
1580," दिया, ",o
1581, तब ,B-PERSON
1582, महात्मा ,B-PERSON
1583, राक्षसपति ,B-PERSON
1584, ने ,B-PERSON
1585, मन ,B-PERSON
1586, को ,B-PERSON
1587, एकाग्र ,B-PERSON
1588, करके ,B-PERSON
1589, देवतुल्य ,B-PERSON
1590, इन्द्रजित ,B-PERSON
1591, (मेघनाद) ,B-PERSON
1592, को ,B-PERSON
1593, आज्ञा ,o
1594, दी ,o
1595, ।। ,B-PERSON
1596, १ ,B-COUNT
1597, रथ ,o
1598, पर ,o
1599, चढ़कर ,o
1600, आते ,o
1601, हुए ,B-PERSON
1602, पूर्ण ,B-PERSON
1603, इन्द्र ,B-PERSON
1604, ध्वजवाले ,B-PERSON
1605, को ,B-PERSON
1606, देखकर ,B-PERSON
1607, वानर ,B-PERSON
1608, महानाद ,B-PERSON
1609, करता ,B-PERSON
1610, हुआ ,o
1611," गर्मा, ",B-PERSON
1612, और ,o
1613, फूल ,o
1614, गया ,o
1615, तच ,B-PERSON
1616, राक्षस ,B-PERSON
1617, द्वारा ,o
1618, उस ,B-PERSON
1619, अस्त्र ,o
1620, से ,o
1621, बांधा ,o
1622, हुआ ,o
1623, वानर ,B-PERSON
1624, निश्चष्ट ,o
1625," होगया, ",o
1626, और ,o
1627, पृथिवी ,B-PERSON
1628, पर ,o
1629, गिर ,o
1630, पड़ा ,o
1631,उस ,o
1632, महा ,B-PERSON
1633, हृदय ,B-PERSON
1634, वाले ,o
1635, रावण ,B-PERSON
1636, को ,B-PERSON
1637, देखकर ,o
1638, महान ,B-PERSON
1639, हृदय ,B-PERSON
1640, वाला ,B-PERSON
1641, धानरश्रेष्ठ ,B-LOCATION
1642, सावधान ,B-PERSON
1643, हो ,o
1644, अर्थ ,o
1645, युक्त ,o
1646, वाक्य ,o
1647, घोला ,B-PERSON
1648," संग२७०५२,५३)हनुमाह ",B-PERSON
1649, की ,B-PERSON
1650, पूछ ,o
1651, को ,o
1652, आग ,o
1653, लगाकर ,o
1654, लंकामें ,o
1655, घुमाना ,o
1656, * ,B-PERSON
1657, महात्मा ,B-PERSON
1658, वानर ,B-PERSON
1659, के ,B-PERSON
1660, वचन ,B-PERSON
1661, को ,o
1662, सुनकर ,o
1663, क्रोध ,B-PERSON
1664, से ,B-PERSON
1665, मूछिताए ,B-PERSON
1666, रावण ,B-PERSON
1667, ने ,B-PERSON
1668, उसके ,B-PERSON
1669, वध ,B-PERSON
1670, की ,B-PERSON
1671, आजादीशापर ,B-PERSON
1672, विभीषण ,B-PERSON
1673, ने ,B-PERSON
1674, इस ,B-PERSON
1675, में ,o
1676, अनुमान ,o
1677, . ,B-PERSON
1678, * ,o
1679, यहाँसे ,o
1680, आग ,B-PERSON
1681, लंका ,B-LOCATION
1682, दाह ,B-PERSON
1683, का ,B-LOCATION
1684, ओ ,B-PERSON
1685, प्रकरण ,o
1686," है, ",o
1687, इसमें ,o
1688, बहुत ,o
1689, ही ,o
1690, भत्युकि ,B-PERSON
1691, प्रतीत ,o
1692, होती ,o
1693, है। ,o
1694, यह ,o
1695, मसभाक्तिी ,B-PERSON
1696," , ",o
1697, कि ,o
1698, प्रयल ,B-PERSON
1699, राक्षसों ,B-PERSON
1700, की ,o
1701, राजधानी ,B-PERSON
1702, में ,o
1703, अफेला ,B-PERSON
1704, हनुमान ,B-PERSON
1705, लोगों ,B-PERSON
1706, के ,B-PERSON
1707, घरों ,o
1708, में ,o
1709, फिर ,B-PERSON
1710, २ ,B-COUNT
1711, कर ,o
1712, समको ,o
1713, जलाता ,o
1714," फिरे,और ",o
1715, पकड़ा ,o
1716, न ,o
1717, जाए ,o
1718, । ,o
1719, विच ,B-PERSON
1720, बनुमान ,B-PERSON
1721, ने ,B-PERSON
1722, जो ,B-PERSON
1723, उसके ,o
1724, प्रबल ,o
1725, थोशामों ,B-PERSON
1726, का ,o
1727, पता ,o
1728, लगामा ,B-PERSON
1729, माहा ,B-PERSON
1730," था, ",B-PERSON
1731, अब ,B-PERSON
1732, इन्द्र ,B-PERSON
1733, गुग ,B-PERSON
1734, से ,o
1735, मिस ,B-PERSON
1736, नहीं ,o
1737," दी, ",o
1738, क्योंकि ,B-PERSON
1739, (हनुमान् ,B-PERSON
1740, ) ,B-PERSON
1741, अपना ,o
1742, दूत ,B-PERSON
1743, होना ,o
1744, बतला ,o
1745, चुका ,o
1746, था ,o
1747, पूछ ,o
1748, बानरों ,B-PERSON
1749, का ,B-PERSON
1750, प्यारा ,B-PERSON
1751, भूषण ,B-PERSON
1752, होता ,o
1753," है, ",o
1754, वह ,B-PERSON
1755, इसकी ,o
1756, जल्दी ,o
1757, प्रदीप्त ,o
1758, करो ,o
1759, सच ,B-PERSON
1760, यह ,o
1761, उस ,o
1762, जली ,B-PERSON
1763, हुई ,o
1764, के ,o
1765, साथ ,o
1766, जाए ,o
1767, उसके ,o
1768, वचन ,o
1769, को ,o
1770, सुनकर ,o
1771, क्रोध ,B-PERSON
1772, से ,o
1773, प्रचण्ड ,B-PERSON
1774, राक्षस ,B-PERSON
1775, पुराने ,o
1776, चुफा ,B-PERSON
1777, था। ,o
1778, अब ,o
1779, इसकी ,o
1780, भी ,o
1781, मावश्यकता ,o
1782, म ,o
1783, थी ,o
1784, । ,B-PERSON
1785, हनुमान ,B-PERSON
1786, चामर ,B-PERSON
1787, न ,B-PERSON
1788," था, ",o
1789, किन्तु ,o
1790, दूसरी ,B-PERSON
1791, जातियों ,B-PERSON
1792, के ,o
1793, मुकाबिले ,B-PERSON
1794, में ,o
1795, यह ,B-PERSON
1796, उस ,B-LOCATION
1797, जाति ,B-PERSON
1798, का ,B-PERSON
1799, नाम ,B-LOCATION
1800, या। ,B-PERSON
1801, इसलिये ,o
1802, पूंछ ,o
1803, का ,o
1804, होना ,o
1805, ही ,o
1806, असंभव ,o
1807," है, ",o
1808, क्या ,o
1809, फिर ,o
1810, उसको ,o
1811, आग ,o
1812, लगाना ,o
1813, । ,o
1814, संभव ,o
1815, यह ,o
1816," है, ",o
1817, कि ,o
1818, रावण ,B-PERSON
1819, ने ,B-PERSON
1820, दूत ,B-PERSON
1821, होने ,o
1822, से ,o
1823, घजुमार ,B-PERSON
1824, को ,B-PERSON
1825, माय ,B-PERSON
1826, जान ,B-PERSON
1827, फर ,B-PERSON
1828, छोड़ ,o
1829," दिया,पर ",o
1830, जो ,B-PERSON
1831, हनुमान ,B-PERSON
1832, ने ,B-PERSON
1833, वानरराज ,B-PERSON
1834, सुग्रीव ,B-PERSON
1835, की ,o
1836, चढ़ाई ,I-LOCATION
1837, की ,o
1838, धमकी ,o
1839, दी ,o
1840," थी, ",o
1841, उसके ,o
1842, बदले ,B-PERSON
1843, में ,B-PERSON
1844, हनुमान ,B-PERSON
1845, के ,B-PERSON
1846, सन्मुच ,B-PERSON
1847, वानर ,B-PERSON
1848, की ,B-PERSON
1849, पूंछ ,B-PERSON
1850, बनाकर ,o
1851, जलाई ,o
1852," गई, ",o
1853, और ,o
1854, इस ,o
1855, तरह ,o
1856, पर ,o
1857, उस ,B-PERSON
1858, वानर ,B-PERSON
1859, जाति ,B-PERSON
1860, पर ,o
1861, उपहास ,o
1862, किया ,o
1863, गया ,o
1864, । ,o
1865, जैसर ,B-PERSON
1866, कि ,o
1867, अब ,B-PERSON
1868, रूस ,B-LOCATION
1869, की ,B-PERSON
1870, आकति ,o
1871, रीछ ,B-PERSON
1872, बनाते ,o
1873, हैं। ,o
1874, हनुमान ,B-PERSON
1875, जब ,B-PERSON
1876, जेला ,B-PERSON
1877," भया, ",B-PERSON
1878, तो ,o
1879, उसने ,B-PERSON
1880, इस ,B-LOCATION
1881, जात्यपमान ,B-PERSON
1882, का ,o
1883, बदला ,o
1884, यह ,o
1885," लिया, ",o
1886, कि ,o
1887, वानर ,B-PERSON
1888, की ,B-PERSON
1889, पूंछ ,o
1890, से ,o
1891, ही ,o
1892, थे ,o
1893, मालूम ,o
1894, किले ,I-LOCATION
1895, को ,o
1896, भागे ,o
1897, लगाई; ,o
1898, यह ,o
1899, जितलाते ,o
1900, हुए ,o
1901, कि ,B-PERSON
1902, बानर ,B-PERSON
1903, की ,o
1904, पंछ ,B-PERSON
1905, हो' ,o
1906, तुम्हारे ,o
1907, किलों ,o
1908, को ,o
1909, भस्मसात् ,o
1910, करेगी ,o
1911, । ,o
1912, यह ,o
1913, अभिप्राय ,o
1914, इतने ,o
1915, बड़े ,o
1916, मलकार ,o
1917, में ,o
1918, प्रकट ,o
1919, किया ,o
1920, है ,o
1921, । ,o
1922, वस्तुतः ,o
1923, न ,B-PERSON
1924, हनुमान ,B-PERSON
1925, की ,o
1926, पूंछ ,B-PERSON
1927," थी, ",o
1928, न ,o
1929, इससे ,o
1930, एम ,B-PERSON
1931, २ ,B-COUNT
1932, कर ,o
1933, एफ ,B-PERSON
1934, २ ,B-COUNT
1935, घर ,o
1936," जलाया, ",o
1937, किन्तु ,o
1938, एक ,o
1939, ही ,o
1940, जगह ,o
1941, भाग ,o
1942, लगाई ,o
1943, उस ,o
1944, माग ,B-PERSON
1945, से ,o
1946, पचन ,B-PERSON
1947, द्वारा ,o
1948, फैलकर ,o
1949, बहुत ,o
1950, बड़ी ,o
1951, हानि ,o
1952, हुई।मुन्दर ,o
1953, का ,o
1954, कपासी ,B-PERSON
1955, कपड़ों ,o
1956, से ,o
1957, उसकी ,o
1958, पूंछ ,o
1959, को ,o
1960, लपेटते ,o
1961, भए ,o
1962,यह ,o
1963, सोच ,o
1964, जलती ,o
1965, हुई ,o
1966, पुशवाला ,B-PERSON
1967, विजलीवाले ,B-LOCATION
1968, मेघके ,B-PERSON
1969, तुल्य ,B-LOCATION
1970, बह ,B-LOCATION
1971, महावानर ,B-PERSON
1972, लङ्कर ,B-LOCATION
1973, के ,I-LOCATION
1974, भवनों ,I-LOCATION
1975, की ,I-LOCATION
1976, चोटियों ,I-LOCATION
1977, पर ,o
1978, मा४ ,I-LOCATION
1979, राक्षसों ,B-PERSON
1980, के ,o
1981, घर ,I-LOCATION
1982, से ,o
1983, घर ,I-LOCATION
1984, और ,o
1985, घरों ,I-LOCATION
1986, के ,I-LOCATION
1987, बगीचों ,I-LOCATION
1988, को ,o
1989, देखता ,o
1990, हुआ ,I-LOCATION
1991, यह ,B-LOCATION
1992, बानर ,B-PERSON
1993, निडर ,B-LOCATION
1994, हो ,B-LOCATION
1995, पालों ,B-LOCATION
1996, पर ,o
1997, घूमा ,o
1998, घूमते ,o
1999, हुए ,o
2000, महातेजस्वी ,B-PERSON
2001, पानरश्रेष्ठ ,B-PERSON
2002, में ,B-LOCATION
2003, विपीपण ,B-PERSON
2004, के ,o
2005, घर ,I-LOCATION
2006, को ,o
2007, छोड़कर ,o
2008, अपने ,o
2009, मव ,o
2010, दाह ,o
2011, कर ,o
2012, दिये ,o
2013, व०५७) ,B-PERSON
2014, हनुमान ,B-PERSON
2015, का ,B-PERSON
2016, जाम्यवान ,B-PERSON
2017, आदि ,B-PERSON
2018, के ,B-PERSON
2019, पास ,B-LOCATION
2020, वापिसजामा ,B-PERSON
2021, बहे ,B-PERSON
2022, नाद ,B-PERSON
2023, से ,o
2024, गर्जना ,B-PERSON
2025, हुआ ,o
2026, मेघ ,B-PERSON
2027, की ,o
2028, ध्वनि ,o
2029, तुल्य ,o
2030, ध्वनि ,o
2031, डाला ,o
2032, वह ,o
2033, पहातेजस्वी ,B-PERSON
2034, प्रवर ,B-LOCATION
2035, राक्षसों ,B-PERSON
2036, को ,B-PERSON
2037, मारकर ,B-PERSON
2038, अपना ,o
2039, नाम ,B-PERSON
2040, विख्यात ,o
2041," करके, ",o
2042, नगरी ,B-PERSON
2043, को ,B-PERSON
2044, व्याकुल ,B-PERSON
2045," करके, ",B-PERSON
2046, रावण ,B-PERSON
2047, को ,B-PERSON
2048, तग ,B-PERSON
2049," करके, ",o
2050, बड़े ,B-PERSON
2051, वीरों ,B-PERSON
2052, को ,B-PERSON
2053, पीड़ित ,o
2054," करके, ",o
2055, और ,B-PERSON
2056, सीता ,B-PERSON
2057, को ,B-PERSON
2058, अभिवादन ,B-PERSON
2059, करके ,o
2060, फिर ,B-PERSON
2061, समुद्र ,B-PERSON
2062, . ,B-LOCATION
2063, के ,B-PERSON
2064, मध्य ,B-LOCATION
2065, से ,B-PERSON
2066, पर्वतेन्द्र ,B-PERSON
2067, मैनाक ,B-PERSON
2068, को ,B-PERSON
2069, छूकर ,B-PERSON
2070, आया ,o
2071, तब ,B-PERSON
2072, वह ,B-PERSON
2073, प्रसन्न ,o
2074, मन ,B-PERSON
2075, हुए ,o
2076, सभी ,B-PERSON
2077, वादाश्रेष्ठ ,B-PERSON
2078, महात्मा ,B-PERSON
2079, हुनुपान ,B-PERSON
2080, को ,B-PERSON
2081, घेर ,o
2082, कर ,o
2083, चारों ,B-COUNT
2084, ओर ,o
2085, बैठ ,o
2086, गये ,o
2087,तब ,o
2088, उन्होंने ,o
2089, विचित्र ,o
2090, पनों ,o
2091, वाले ,o
2092, पलवण ,B-LOCATION
2093, पर्वत ,I-LOCATION
2094, पर ,I-LOCATION
2095, पहुंचकर ,B-LOCATION
2096, महाबली ,B-PERSON
2097, राम ,B-PERSON
2098, और ,B-PERSON
2099, लक्ष्मण ,B-PERSON
2100, को ,B-PERSON
2101, सिर ,B-PERSON
2102, से ,B-PERSON
2103, प्रणाम ,o
2104, करके ,o
2105, और ,B-PERSON
2106, युवराज ,B-PERSON
2107, अङ्गद ,B-PERSON
2108, को ,B-PERSON
2109, भागे ,B-PERSON
2110, करके ,B-PERSON
2111, सुग्रीव ,B-PERSON
2112, का ,B-PERSON
2113, अभिवादन ,B-PERSON
2114, कर ,o
2115, सीता ,B-PERSON
2116, का ,B-PERSON
2117, समाचार ,o
2118, कहना ,o
2119, प्रारम्भ ,o
2120, किया ,o
2121, दिव्य ,B-PERSON
2122, मुनहरी ,B-PERSON
2123, मार्ग ,B-LOCATION
2124, जो ,B-PERSON
2125, अपने ,o
2126, तेम ,B-PERSON
2127, से ,o
2128, दीप्त ,o
2129, होरही ,B-PERSON
2130," थी, ",o
2131, यह ,B-PERSON
2132, राम ,B-PERSON
2133, को ,B-PERSON
2134, दे ,o
2135, करके ,B-PERSON
2136, हनुमान् ,B-PERSON
2137, हाप ,B-PERSON
2138, जोड़कर ,o
2139, कहने ,o
2140, लगा ,o
2141, यह ,B-PERSON
2142, शोभा ,B-PERSON
2143, बाली ,B-PERSON
2144, समुद्रिय ,B-LOCATION
2145, माण ,B-PERSON
2146, उसने ,B-PERSON
2147, दी ,o
2148," है, ",o
2149, हे ,B-PERSON
2150, निष्पाप ,B-PERSON
2151, ! ,B-PERSON
2152, तेरे ,B-PERSON
2153, दर्शन ,B-PERSON
2154, के ,o
2155, तुल्य ,o
2156, इस ,B-PERSON
2157, (आपकी ,o
2158, दी ,B-PERSON
2159, मणि) ,B-PERSON
2160, के ,B-PERSON
2161, दर्शन ,o
2162, करके ,o
2163, दुःख ,B-PERSON
2164, में ,o
2165, आनन्द ,B-PERSON
2166, मनाऊंगी ,B-PERSON
2167, हनुमान ,B-PERSON
2168, से ,B-PERSON
2169, ऐसे ,B-PERSON
2170, कहा ,o
2171," हुआ, ",o
2172, दशरथमृत ,B-PERSON
2173, उस ,B-PERSON
2174, माणि ,B-PERSON
2175, को ,B-PERSON
2176, हृदय ,B-PERSON
2177, पर ,o
2178, रखकर ,o
2179, लक्ष्मण ,B-PERSON
2180, समेत ,B-PERSON
2181, पहुत ,o
2182, रोया ,B-PERSON
2183,इति ,o
2184, श्रीमद्वारमीकि ,B-PERSON
2185, रामायणे ,B-LOCATION
2186, पुन्दरकाण्ड ,B-PERSON
2187, समासम् ,B-LOCATION
2188, ।युद्धकाण्ड-लङ्काकाण्ड ,B-PERSON
2189, युडकाण्ड-लङ्काकाण्ड ,B-LOCATION
2190, घ० ,B-PERSON
2191," १,२) ",B-LOCATION
2192, हनुमान ,B-PERSON
2193, को ,B-LOCATION
2194, पुरस्कार ,B-PERSON
2195, और ,o
2196, सेना ,B-PERSON
2197, समेत ,o
2198, पफ ,B-PERSON
2199, साय ,B-LOCATION
2200, समुद्र ,B-PERSON
2201, पार ,o
2202, होने ,o
2203, का ,o
2204, प्रस्ताव ,o
2205, श्रुत्वा ,o
2206, हनूमतो ,B-PERSON
2207, वाक्यं ,o
2208, यथाचदभिभाषितम् ,o
2209, । ,o
2210, रामः ,B-PERSON
2211, प्रीतिसयायुक्तो ,B-PERSON
2212, काक्यमुत्तरमब्रवीत् ,B-LOCATION
2213, एप ,B-PERSON
2214, सबस्वभूतम्त ,B-LOCATION
2215, परियङ्गो ,B-PERSON
2216, हनूमतः ,o
2217, | ,o
2218, मया ,B-PERSON
2219, कालमियं ,B-LOCATION
2220, पाप्प ,B-PERSON
2221, दचस्तस्य ,B-LOCATION
2222, महात्मनाः ,B-PERSON
2223, इत्युक्त्वा ,B-LOCATION
2224, पीतिहष्टाङ्गो ,B-PERSON
2225, रामस्त ,B-LOCATION
2226, परिपस्वने ,B-PERSON
2227, । ,o
2228, हनूमन्तं ,B-PERSON
2229, कृतात्मानं ,B-PERSON
2230, कृतवाक्यमुपागतम् ,B-LOCATION
2231, हनुमान ,B-PERSON
2232, ने ,B-PERSON
2233, भूमि ,o
2234, में ,o
2235, दुर्बम ,o
2236, महतं ,o
2237, बड़ा ,o
2238, कार्य ,o
2239, किया ,o
2240," है, ",o
2241, जो ,o
2242, किसी ,o
2243, दूसरे ,o
2244, से ,o
2245, पृथिवीतल ,o
2246, पर ,o
2247, मन ,o
2248, से ,o
2249, भी ,o
2250, करना ,o
2251, अवाक्य ,o
2252, है ,o
2253, ।। ,o
2254, २ ,o
2255, ।। ,o
2256, किन्तु ,o
2257, इस ,o
2258, दीन ,o
2259, अवस्था ,o
2260, में ,o
2261, यह ,o
2262, बात ,o
2263, मेरे ,o
2264, मन ,o
2265, को ,o
2266, बहुत ,o
2267, ही ,o
2268, चुभती ,o
2269," है, ",o
2270, कि ,o
2271, मैं ,o
2272, इस ,o
2273, प्रिय ,o
2274, करनेवाले ,o
2275, के ,o
2276, साश ,o
2277, मिय ,o
2278, नहीं ,o
2279, कर ,o
2280, सकता ,o
2281, हूं ,o
2282, सीता ,o
2283, का ,o
2284, हूदना ,o
2285, तो ,o
2286, बड़ी ,o
2287, अच्छी ,o
2288, तरह ,o
2289," होचुका, ",o
2290, पर ,o
2291, समुद्र ,B-PERSON
2292, को ,o
2293, पाकर ,o
2294, फिर ,o
2295, मेरा ,o
2296, मन ,o
2297, डिगा ,o
2298, जाता ,o
2299, है ,o
2300,यह ,o
2301, शूरवीर ,B-PERSON
2302," समर्य, ",B-LOCATION
2303, वानर ,B-PERSON
2304, सेनापति ,B-PERSON
2305, सब ,B-PERSON
2306, के ,o
2307, सब ,B-PERSON
2308, आपका ,o
2309, पिय ,o
2310, करने ,o
2311, के ,o
2312, लिय ,o
2313, अनि ,B-PERSON
2314, में ,o
2315, भी ,o
2316, प्रवेश ,o
2317, करने ,o
2318, का ,o
2319, उत्साह ,o
2320, रखते ,o
2321, हैं ,o
2322, (तब ,o
2323, समुद्र ,B-PERSON
2324, का ,o
2325, पार ,o
2326, होना ,o
2327, कौन ,o
2328, बड़ी ,o
2329, बात ,o
2330, है ,o
2331, ) ,o
2332, ततः ,o
2333, पादपसंवा ,o
2334, नानाबनसमायुतम् ,o
2335, । ,o
2336, सपर्वतमासाद ,B-PERSON
2337, बानरास्ते ,B-LOCATION
2338, समारुहन् ,B-PERSON
2339, वां ,B-LOCATION
2340, सेना ,B-PERSON
2341, समुस्मृज्य ,o
2342, मा ,o
2343, च ,o
2344, कश्विस्कृतो ,B-PERSON
2345, बजे ,o
2346, । ,o
2347, गच्छन्तु ,B-PERSON
2348, वानराः ,B-LOCATION
2349, शूगर ,B-PERSON
2350, हेच ,B-LOCATION
2351, छ ,B-PERSON
2352, भयं ,B-LOCATION
2353, च ,B-PERSON
2354, नः ,B-LOCATION
2355, विरान ,B-PERSON
2356, समीपस्य ,B-LOCATION
2357, सागरस्य ,B-LOCATION
2358, च ,B-PERSON
2359, तलम् ,B-LOCATION
2360, । ,B-PERSON
2361, मधुपाण्डमला ,B-LOCATION
2362, श्रीमान्द्रितीय ,B-PERSON
2363, र ,B-LOCATION
2364, सागर ,B-PERSON
2365, सागर ,B-LOCATION
2366, चाम्बरमख्यमम्वरं ,B-PERSON
2367, सागरोपमम् ,B-LOCATION
2368, । ,B-PERSON
2369, सागरं ,B-LOCATION
2370, चाम्बरं ,B-PERSON
2371, चेति ,B-LOCATION
2372, निर्षिघोषमापत ,B-PERSON
2373,सब ,o
2374, वृक्षों ,o
2375, से ,o
2376, भरे ,o
2377, हुए ,o
2378, नाना ,o
2379, बनों ,o
2380, से ,o
2381, युक्त ,o
2382, सह ,o
2383, पर्वत ,I-LOCATION
2384, को ,o
2385, पाकर ,o
2386, वर ,B-PERSON
2387, वानर ,B-PERSON
2388, उप्त ,B-PERSON
2389, पर ,o
2390, चढ़ ,o
2391, गए ,o
2392, का ,o
2393, सब ,o
2394, महापर्वत ,B-PERSON
2395, सह्य ,o
2396, और ,o
2397, मलय ,B-PERSON
2398, को ,o
2399, उलांधकर ,o
2400, क्रमाा ,o
2401, भयङ्कर ,B-PERSON
2402, ध्वनिवाले ,o
2403, समुद्र ,I-LOCATION
2404, पर ,o
2405, पहुँचे ,o
2406, । ,o
2407, १२ ,B-COUNT
2408, सो ,B-COUNT
2409, यहां ,o
2410, ही ,o
2411, छावनी ,B-PERSON
2412," डालिए, ",o
2413, और ,o
2414, विचार ,o
2415," कीजिये, ",o
2416, जिससे ,o
2417, कि ,o
2418, यह ,o
2419, पानर ,B-PERSON
2420, सेना ,B-LOCATION
2421, परले ,B-PERSON
2422, पार ,o
2423, पहुंच ,o
2424, जाए ,o
2425, राम ,B-PERSON
2426, के ,B-PERSON
2427, वचन ,o
2428, को ,o
2429, सुनकर ,o
2430, सुग्रीव ,B-PERSON
2431, और ,B-PERSON
2432, लक्ष्मण ,B-PERSON
2433, ने ,B-PERSON
2434, वृक्षों ,B-PERSON
2435, से ,o
2436, भरे ,o
2437, हुए ,o
2438, सागर ,I-LOCATION
2439, तीर ,B-LOCATION
2440, पर ,B-LOCATION
2441, सेना ,B-LOCATION
2442, की ,I-LOCATION
2443, छावनी ,B-LOCATION
2444, डालदी ,B-PERSON
2445, समुद्र ,B-LOCATION
2446, आकाशके ,B-PERSON
2447, समान ,o
2448, और ,o
2449, आकाा ,o
2450, समुद्र ,I-LOCATION
2451, के ,o
2452, समान ,o
2453, होने ,o
2454, से ,o
2455, समुद्र ,o
2456, और ,o
2457, आकाश ,o
2458, निर्विशेष ,o
2459, (एक ,o
2460, से) ,o
2461, दीयते ,o
2462, थे ,o
2463,सक्षसेन्द्र ,B-PERSON
2464, में ,o
2465, ऐसे ,o
2466, को ,o
2467, हुए ,o
2468, महावली ,B-PERSON
2469, रासस ,B-PERSON
2470, हाथ ,o
2471, जोड़कर ,o
2472, राक्षमेन्द्र ,B-PERSON
2473, रावण ,B-PERSON
2474, से ,B-PERSON
2475, बोले ,o
2476, ।।। ,o
2477, हमारा ,B-PERSON
2478, यल ,B-PERSON
2479, - ,o
2480, (सेना) ,o
2481, बहुत ,o
2482, बड़ा ,B-PERSON
2483," है, ",o
2484, आप ,B-PERSON
2485, क्यों ,B-PERSON
2486, एदास ,B-PERSON
2487, होते ,o
2488," हैं, ",o
2489, आपने ,B-PERSON
2490, भोगवती ,B-PERSON
2491, में ,o
2492, माकर ,B-PERSON
2493, नाग ,B-PERSON
2494, जीते ,B-PERSON
2495, हैं। ,o
2496, विभीषण ,B-PERSON
2497, के ,B-PERSON
2498, वचन ,B-PERSON
2499, को ,o
2500, पुनकर ,B-PERSON
2501, राक्षसेश्वर ,B-PERSON
2502, रावण ,B-PERSON
2503, उन ,B-PERSON
2504, सब ,B-PERSON
2505, को ,B-PERSON
2506, विसर्जन ,B-PERSON
2507, करके ,o
2508, अपने ,B-PERSON
2509, घर ,o
2510, में ,o
2511, प्रविष्ट ,B-PERSON
2512, हुभा ,B-PERSON
2513, राक्षसी ,B-PERSON
2514, से ,B-PERSON
2515, पूजित ,B-PERSON
2516, उस ,B-LOCATION
2517, महावाहू ,B-PERSON
2518, ने ,B-PERSON
2519, अपने ,B-PERSON
2520, वज ,B-PERSON
2521, से ,B-PERSON
2522," दीप्यमान, ",o
2523, आसन ,B-PERSON
2524, पर ,o
2525, बैठे ,o
2526," हुए, ",o
2527, रावण ,B-PERSON
2528, को ,B-PERSON
2529, प्रणाम ,o
2530, किया ,o
2531, और ,o
2532, एकान्त ,B-PERSON
2533, मे ,o
2534, मन्त्रियों ,B-PERSON
2535, के ,B-PERSON
2536, समक्ष ,B-PERSON
2537, उसने ,B-PERSON
2538, महात्मा ,B-PERSON
2539, रावण ,B-PERSON
2540, को ,B-PERSON
2541, हेतुओं ,B-PERSON
2542, से ,B-PERSON
2543, निश्चित ,o
2544, अतीव ,B-PERSON
2545, हितकारी ,o
2546, वचन ,B-PERSON
2547, कहा ,o
2548, किमी ,B-PERSON
2549, से ,o
2550, मय ,o
2551, नहीं ,o
2552, देखता ,o
2553," हूं, ",o
2554, राम ,B-PERSON
2555, कमी ,B-PERSON
2556, सीता ,B-PERSON
2557, को ,o
2558, नहीं ,o
2559," पाएगा, ",o
2560, युद्ध ,B-PERSON
2561, में ,o
2562, इन्द्र ,B-PERSON
2563, सहित ,B-PERSON
2564, देवताओं ,B-PERSON
2565, के ,B-PERSON
2566, साथ ,o
2567, भी ,o
2568, गम ,o
2569, मेरे ,o
2570, आगे ,o
2571, कैसे ,o
2572, खड़ा ,o
2573, होगा ,o
2574, ।। ,o
2575, १४ ,o
2576, ।। ,o
2577, यह ,o
2578, कहकर ,o
2579, देवताओं ,B-PERSON
2580, की ,B-PERSON
2581, सेना ,B-PERSON
2582, के ,B-PERSON
2583, नाम ,o
2584, करनेवाले ,B-PERSON
2585, रण ,B-PERSON
2586, में ,B-PERSON
2587, प्रचण्ड ,B-PERSON
2588, पराक्रमवाले ,B-PERSON
2589, महावली ,B-PERSON
2590, रावणने ,B-PERSON
2591, सत्यवादी ,B-PERSON
2592, माई ,B-PERSON
2593, विभीषण ,B-PERSON
2594, को ,B-PERSON
2595, विसर्जन ,o
2596, किया ,o
2597,यह ,o
2598, सुवर्ण ,o
2599, की ,I-LOCATION
2600, जालियों ,B-LOCATION
2601, चाले ,B-PERSON
2602, मणि ,B-LOCATION
2603, और ,B-PERSON
2604, गुलियों ,B-PERSON
2605, से ,o
2606, भूपित ,B-PERSON
2607, सिधे ,o
2608, हुए ,o
2609, घोड़ों ,B-PERSON
2610, वाले ,o
2611, महारथ ,B-PERSON
2612, पर ,o
2613, पाकर ,o
2614, सवार ,B-PERSON
2615, हुआ ,o
2616, और ,o
2617, नाना ,B-PERSON
2618, प्रकार ,o
2619, के ,o
2620, अलग ,B-PERSON
2621, २ ,B-COUNT
2622, चेपा ,B-PERSON
2623, वाले ,o
2624, नाना ,B-PERSON
2625, भूषणों ,B-PERSON
2626, से ,o
2627, भूपित्त ,B-PERSON
2628, रोधे ,B-PERSON
2629, पावों ,o
2630, से ,o
2631, और ,o
2632, पीछे ,o
2633, से ,o
2634, घेर ,o
2635, कर ,o
2636, चले ,o
2637, तब ,o
2638, सारी ,o
2639, सेना ,o
2640, को ,I-LOCATION
2641, नगर ,B-LOCATION
2642, की ,B-PERSON
2643, रक्षा ,o
2644, के ,o
2645, लिये ,o
2646, अलग ,o
2647, २ ,B-COUNT
2648, लगाकर ,o
2649, महस्व ,B-PERSON
2650, राजा ,B-PERSON
2651, के ,B-PERSON
2652, सामने ,o
2653, बैठाया ,o
2654, और ,o
2655, बोला ,o
2656, सीता ,B-PERSON
2657, देनी ,o
2658, नहीं ,o
2659," है, ",o
2660, और ,B-PERSON
2661, दशरथ ,B-PERSON
2662, के ,B-PERSON
2663, दोनों ,B-PERSON
2664, पुत्रों ,B-PERSON
2665, को ,o
2666, मारना ,o
2667," है, ",o
2668, यह ,o
2669, सोच ,o
2670, कर ,o
2671, आप ,o
2672, विचार ,o
2673, कीजिये ,o
2674, और ,o
2675, मुनीति ,B-PERSON
2676, युक्त ,o
2677, कहिये ,o
2678, रावण ,B-PERSON
2679, को ,B-PERSON
2680, क्रुद्ध ,B-PERSON
2681, जानकर ,o
2682, महावली ,B-PERSON
2683, महापाय ,B-PERSON
2684, थोड़ी ,o
2685, देर ,o
2686, सोचकर ,o
2687, क्षाथ ,o
2688, जोड़कर ,o
2689, बोला ,o
2690,सगै ,B-PERSON
2691, ७ ,B-COUNT
2692, (२०५४) ,I-PERSON
2693, विभीषण ,B-PERSON
2694, को ,o
2695, सीता ,B-PERSON
2696, को ,o
2697, वापिस ,B-PERSON
2698, देने ,o
2699, की ,o
2700, सम्मति। ,o
2701, रामसेन्द्र ,B-PERSON
2702, के ,o
2703, रचन ,B-PERSON
2704, को ,o
2705, और ,o
2706, कुम्भक ,B-PERSON
2707, की ,o
2708, गर्जनाओं ,B-PERSON
2709, को ,o
2710, सुनकर ,o
2711, विभीषण ,B-PERSON
2712, राक्षसराज ,B-PERSON
2713, का ,B-PERSON
2714, हितकारी ,B-PERSON
2715, गम्भीर ,o
2716, तात्पर्य ,o
2717, वाला ,o
2718, मुख्य ,o
2719, वचन ,B-PERSON
2720, बोला ,o
2721, सहस्त ,B-PERSON
2722, के ,o
2723, अहित ,o
2724, चाक्य ,B-PERSON
2725, को ,o
2726, सुनकर ,o
2727, राजा ,B-PERSON
2728, का ,B-PERSON
2729, हित ,o
2730, चाइनेवाला ,B-PERSON
2731, धर्म ,o
2732, अर्थ ,o
2733, काम ,o
2734, में ,o
2735, स्चिन ,B-PERSON
2736, बुदिशाका ,B-PERSON
2737, विभीषण ,B-PERSON
2738, बड़े ,o
2739, अर्थवाला ,B-PERSON
2740, बचन ,B-PERSON
2741, बोला ,o
2742, यह ,B-PERSON
2743, राजा ,B-PERSON
2744, न्यसनों ,B-PERSON
2745, के ,B-PERSON
2746, घर ,o
2747, में ,o
2748, हुभा ,o
2749, स्वभाव ,o
2750, से ,o
2751, ही ,o
2752, तीक्ष्ण ,o
2753, और ,o
2754, पिन ,o
2755, साँचे ,o
2756, करने ,o
2757, वाला ,o
2758," है, ",o
2759, तिस ,B-PERSON
2760, पर ,o
2761, शत्रु ,B-PERSON
2762, तुल्य ,B-PERSON
2763, आप ,B-PERSON
2764, जैसे ,o
2765, मित्र ,B-PERSON
2766, राक्षसों ,B-PERSON
2767, के ,o
2768, नाशार्थ ,B-PERSON
2769, से ,o
2770, सलाह ,o
2771, दे ,o
2772, रहे ,o
2773, हैं ,o
2774, ।।२।। ,o
2775, यह ,o
2776, इस ,o
2777, पुर ,B-PERSON
2778, के ,o
2779, सथा ,o
2780, सुहृद' ,B-PERSON
2781, जनों ,B-PERSON
2782, और ,B-PERSON
2783, दूसरे ,B-PERSON
2784, राक्षसों ,B-PERSON
2785, समेत ,B-PERSON
2786, रामा ,B-PERSON
2787, के ,o
2788, लिये ,o
2789, पथ्य ,o
2790, ठीक ,o
2791, पचन ,o
2792, जो ,o
2793, अपना ,o
2794, मत ,o
2795," है, ",o
2796, कहता ,o
2797," हूँ, ",o
2798, वह ,o
2799, यह ,o
2800, कि ,o
2801, सीता ,B-PERSON
2802, नरेन्द्रपुत्र ,B-PERSON
2803, को ,B-PERSON
2804, दे ,o
2805, दीजिये ,o
2806, इस ,o
2807, कुल ,B-PERSON
2808, में ,o
2809, एकही ,B-PERSON
2810, पुरुष ,B-PERSON
2811," सत्व, ",o
2812," वीर्य, ",B-PERSON
2813," पराक्रम, ",o
2814," धैर्य, ",B-PERSON
2815," शौर्य, ",o
2816, और ,o
2817, तेज ,B-PERSON
2818, से ,o
2819, हीन ,o
2820, हुआ ,o
2821," है, ",o
2822, और ,o
2823, यह ,o
2824, या ,o
2825, छोटा ,B-PERSON
2826, सात ,B-LOCATION
2827, विभीषण ,B-PERSON
2828, है ,o
2829, हे ,B-PERSON
2830, राजन् ,B-PERSON
2831, ! ,B-PERSON
2832, इस ,B-PERSON
2833," धन, ",o
2834," रत्न, ",B-PERSON
2835," भूषण, ",B-PERSON
2836, दिव्य ,B-PERSON
2837," बच्च, ",B-PERSON
2838, विचित्र ,B-PERSON
2839, पनि ,B-PERSON
2840, और ,B-PERSON
2841, देवी ,B-PERSON
2842, सीता ,B-PERSON
2843, राम ,B-PERSON
2844, को ,B-PERSON
2845, अर्पण ,o
2846, करके ,o
2847, यहां ,o
2848, बीतशोक ,B-PERSON
2849, हुए ,o
2850, धसे ,o
2851, ।। ,o
2852, ६ ,B-COUNT
2853,इत्युक्तः ,o
2854, परुष ,B-PERSON
2855, वाक्य ,o
2856, न्यायवादी ,o
2857, विभीषणः ,o
2858, । ,o
2859, उत्पपारा ,o
2860, गदापाणिश्चतुभि ,o
2861, सह ,o
2862, राक्षसः ,o
2863, निवार्षमाणस्य ,o
2864, मया ,o
2865, हिवैपिणा ,B-PERSON
2866, न ,o
2867, रोचते ,o
2868, ते ,o
2869, वचनं ,o
2870, निशाचर ,B-PERSON
2871, । ,o
2872, परान्तकाले ,o
2873, हि ,B-PERSON
2874, साधुपो ,B-LOCATION
2875, नरा ,B-PERSON
2876, हितं ,B-LOCATION
2877, न ,B-PERSON
2878, गृहन्ति ,o
2879, मुहगिरीरितम् ,o
2880, और ,o
2881, क्रुद्ध ,o
2882, हुभा ,o
2883, विभीषण ,o
2884, यह ,o
2885, वाक्य ,o
2886," घोला, ",o
2887, तू ,o
2888, भूला ,o
2889, हुआ ,o
2890, है ,o
2891, हे ,o
2892, राजन् ,B-PERSON
2893, ! ,B-PERSON
2894, कहो ,o
2895, . ,o
2896, मुझे ,o
2897, जो ,o
2898, २ ,B-COUNT
2899, कुछ ,o
2900, चाहता ,o
2901, है ,o
2902, ।। ,o
2903, १८ ,B-COUNT
2904, बड़ा ,o
2905, भाई ,B-PERSON
2906, माननीय ,o
2907," है, ",o
2908, पितृतुल्प ,B-PERSON
2909," है, ",o
2910, पर ,o
2911, धर्म ,o
2912, मार्ग ,o
2913, पर ,o
2914, स्थित ,o
2915, नहीं ,o
2916, है। ,o
2917, मैं ,o
2918, तुझ ,o
2919, बड़े ,o
2920, भाई ,B-PERSON
2921, के ,o
2922, भी ,o
2923, इतने ,o
2924, कठोर ,o
2925, वाक्य ,o
2926, को ,o
2927, नहीं ,o
2928, सइसक्ता ,o
2929, है ,o
2930, मैं ,o
2931, हितैषी ,o
2932, होकर ,o
2933, रोकता ,o
2934," है,हे ",o
2935, राक्षस ,B-PERSON
2936, आपको ,o
2937, मेरा ,o
2938, वचन ,o
2939, पसन्द ,o
2940, नहीं ,o
2941, आता ,o
2942," है, ",o
2943, दूर ,o
2944, हुई ,o
2945, पाचु ,o
2946, दा ,o
2947, पुरुप ,o
2948, अन्तकाल ,o
2949, के ,o
2950, आने ,o
2951, पर ,o
2952, प्रहदों ,o
2953, से ,o
2954, कहे ,o
2955, हित ,o
2956, वाक्य ,o
2957, को ,o
2958, ग्रहण ,o
2959, नहीं ,o
2960, करते ,o
2961, हैं ,o
2962,रावणका ,B-PERSON
2963, छोटा ,B-LOCATION
2964, भाई ,B-PERSON
2965, विभीषण ,B-PERSON
2966, चार ,B-COUNT
2967, दूसरे ,B-PERSON
2968, राक्षसों ,B-PERSON
2969, सहित ,B-PERSON
2970, आपकी ,o
2971, शरण ,B-PERSON
2972, आया ,o
2973, है ,o
2974, (मैं ,o
2975, जानता ,o
2976, हूं) ,o
2977, रावण ,B-PERSON
2978, से ,o
2979, भेजा ,o
2980," हुआ, ",o
2981, माया ,B-PERSON
2982, से ,o
2983, ढका ,o
2984," हुआ, ",o
2985, कुटिल ,o
2986, बुद्धि ,o
2987, से ,o
2988, यहां ,o
2989, आया ,o
2990," है, ",o
2991, कि ,o
2992, आपके ,o
2993, विश्वस्त ,o
2994, होने ,o
2995, पर ,o
2996, आप ,B-PERSON
2997, पर ,o
2998, प्रहार ,o
2999, करे ,o
3000, मित्रभाव ,o
3001, में ,o
3002, प्रात ,o
3003, हुए ,o
3004, को ,o
3005, मैं ,o
3006, कभी ,o
3007, स्वाग ,o
3008, नहीं ,o
3009, सक्का ,o
3010, यद्यपि ,o
3011, उसका ,o
3012, दोष ,o
3013," हो, ",o
3014, पर ,o
3015, पलों ,o
3016, से ,o
3017, यह ,o
3018, (शरणागत ,o
3019, का ,o
3020, त्याग) ,o
3021, निन्दित ,o
3022, है ,o
3023, चाहे ,o
3024, यह ,o
3025, निशार ,B-PERSON
3026, दुष्ट ,o
3027," हो, ",o
3028, वा ,o
3029, अदुष्ट ,o
3030," हो, ",o
3031, पर ,o
3032, ऐसे ,o
3033, दुःख ,o
3034, में ,o
3035, जो ,o
3036, भाई ,B-PERSON
3037, को ,o
3038, त्याग ,o
3039, सक्ता ,o
3040, है ,o
3041, +आतों ,o
3042, या ,o
3043, याद ,o
3044, वा ,o
3045, सः ,o
3046, परेषां ,o
3047, शरणं ,o
3048, गतः। ,o
3049, भरिमाणान्परिखज्य ,B-PERSON
3050, रक्षितम्या ,B-LOCATION
3051, कृतात्पना ,B-PERSON
3052,.श्रीवास्मीकि ,B-PERSON
3053, रामायण ,B-PERSON
3054, टीका-वानराधिपति ,B-PERSON
3055, के ,B-PERSON
3056, वचन ,o
3057, को ,o
3058," सुनकर, ",o
3059, और ,o
3060, सब ,o
3061, की ,o
3062, ओर ,o
3063, देखकर ,o
3064, सो ,o
3065, पराकमवाला ,B-PERSON
3066, राय ,B-LOCATION
3067, यह ,B-PERSON
3068, वाक्य ,o
3069, बोला ,o
3070, एकबार ,B-PERSON
3071, ही ,o
3072, जो ,o
3073," ""मैं ",o
3074, तेरा ,o
3075," ह"" ",o
3076, ऐसी ,o
3077, याचना ,o
3078, करता ,o
3079, हुआ ,o
3080, शरणागत ,o
3081, हुआ ,o
3082," है, ",o
3083, ऐमें ,o
3084, सब ,o
3085, लोगों ,B-PERSON
3086, को ,o
3087, मैं ,o
3088, अभय ,o
3089, देता ,o
3090," है, ",o
3091, यह ,o
3092, मेरा ,o
3093, ब्रत ,o
3094, है ,o
3095, मेरा ,o
3096, भी ,o
3097, अन्तरात्मा ,B-PERSON
3098, विभीषण ,B-PERSON
3099, को ,o
3100, शुद्ध ,o
3101, जानता ,o
3102, है ,o
3103, अनुमान ,o
3104, से ,o
3105, और ,o
3106, हृदय ,o
3107, के ,o
3108, भाव ,o
3109, से ,o
3110, सब ,o
3111, तरह ,o
3112, सुपरीक्षित ,o
3113, है ,o
3114, सगै ,B-PERSON
3115, १९ ,B-COUNT
3116, (व. ,B-PERSON
3117, २९ ,B-COUNT
3118, ) ,I-PERSON
3119, विभीषण ,B-PERSON
3120, का ,B-PERSON
3121, शरणागत ,B-PERSON
3122, होना ,o
3123, राम ,B-PERSON
3124, से ,o
3125, अभय ,B-PERSON
3126, दिये ,o
3127, जाने ,o
3128, पर ,o
3129, झुका ,o
3130, हुपा ,B-PERSON
3131, रावण ,B-PERSON
3132, का ,B-PERSON
3133, छोटा ,B-PERSON
3134, भाई ,B-PERSON
3135, चारों ,B-PERSON
3136, राक्षसों ,B-PERSON
3137, ममेत ,B-PERSON
3138, पाओं ,o
3139, पर ,o
3140, आ ,o
3141, गिरा ,o
3142, आपके ,B-PERSON
3143, अधीन ,o
3144, मेरा ,B-PERSON
3145, राज्य ,o
3146, जीवित ,o
3147, और ,o
3148, सुख ,o
3149, है ,o
3150, । ,o
3151, उसके ,o
3152, इस ,B-PERSON
3153, वचन ,o
3154, को ,o
3155, सुनकर ,o
3156, वाणी ,B-PERSON
3157, से ,B-PERSON
3158, उसकोवसल्ली ,B-PERSON
3159, देकर ,o
3160, और ,o
3161, नेत्रों ,B-PERSON
3162, से ,o
3163, मानों ,o
3164, पीते ,o
3165, हुए ,o
3166, राम ,B-PERSON
3167, यह ,B-PERSON
3168, वचन ,o
3169," बोले, ",o
3170, मुझे ,o
3171, राक्षसों ,B-PERSON
3172, का ,B-PERSON
3173, बलाचळ ,B-PERSON
3174, ठीक ,o
3175, २ ,B-COUNT
3176, को ,o
3177,रावण ,B-PERSON
3178, रसातल ,B-PERSON
3179, वा ,B-LOCATION
3180, पाताल ,B-PERSON
3181, में ,o
3182, प्रवेश ,o
3183, कर ,o
3184, । ,o
3185," जाए, ",o
3186, अथवा ,o
3187, ब्रह्मा ,B-PERSON
3188, के ,o
3189, पास ,o
3190, चला ,o
3191," जाए, ",o
3192, पर ,o
3193, अब ,B-PERSON
3194, मुझ ,o
3195, से ,o
3196, यह ,o
3197, जीता ,o
3198, । ,o
3199, नहीं ,o
3200, छुटेगा ,o
3201, ।। ,o
3202, १५ ,B-COUNT
3203, ।। ,o
3204, मुखदायी ,B-PERSON
3205, कर्मावाले ,B-PERSON
3206, राम ,B-PERSON
3207, के ,B-PERSON
3208, वचन ,o
3209, को ,o
3210, सुन ,o
3211, कर ,o
3212, वह ,B-PERSON
3213, धर्मात्मा ,B-PERSON
3214, सिर ,B-PERSON
3215, से ,o
3216, पन्दना ,o
3217, करके ,o
3218, फिर ,B-PERSON
3219, कहने ,o
3220, लगा ,o
3221, वह ,o
3222, पर्ववतुल्प ,B-PERSON
3223, वानरश्रेष्ठ ,o
3224, पर्वतों ,I-LOCATION
3225, से ,o
3226, वृक्षों ,I-LOCATION
3227, को ,o
3228, तोड़कर ,o
3229, समुद्र ,I-LOCATION
3230, की ,I-LOCATION
3231, ओर ,o
3232, खींच ,o
3233, लाये ,o
3234, और ,I-LOCATION
3235, वह ,B-LOCATION
3236, महावली ,B-PERSON
3237, महाकाय ,B-LOCATION
3238, वानर ,B-PERSON
3239, हाथी ,B-LOCATION
3240, जितने ,B-LOCATION
3241, बड़े ,B-PERSON
3242, २ ,B-COUNT
3243, पत्थरों ,B-LOCATION
3244, को ,I-LOCATION
3245, और ,I-LOCATION
3246, पर्वतों ,I-LOCATION
3247, को ,o
3248, यन्त्रों ,o
3249, से ,o
3250, उखाड़कर ,o
3251, ढोते ,o
3252, भए ,o
3253, फैकी ,I-LOCATION
3254, जाती ,o
3255, हुई ,I-LOCATION
3256, शिलाओं ,I-LOCATION
3257, और ,I-LOCATION
3258, गिरते ,o
3259, हुए ,I-LOCATION
3260, पर्वतों ,I-LOCATION
3261, का ,I-LOCATION
3262, उस ,B-LOCATION
3263, महासागर ,B-LOCATION
3264, में ,I-LOCATION
3265, तुमल ,B-LOCATION
3266, शब्द ,o
3267, होता ,o
3268, था ,o
3269, हे ,B-PERSON
3270, नरदेव ,B-PERSON
3271, सागर ,B-LOCATION
3272, समेत ,B-PERSON
3273, सारी ,B-LOCATION
3274, पृथिवी ,B-PERSON
3275, को ,o
3276," जीत, ",o
3277, और ,o
3278, अनेक ,o
3279, वर्ष ,o
3280, उसे ,o
3281, पालन ,o
3282," कर, ",o
3283, इमप्रकार ,o
3284, वह ,o
3285, विविध ,o
3286, भवचनों ,o
3287, से ,o
3288, मनुष्य ,B-PERSON
3289, और ,o
3290, देवताओं ,B-PERSON
3291, से ,o
3292, संस्कृत ,B-PERSON
3293, राम ,B-PERSON
3294, को ,B-PERSON
3295, पूजते ,o
3296, भये ,o
3297,तुम ,o
3298, दानों ,B-PERSON
3299, बेमालुम ,B-LOCATION
3300, वानरों ,B-PERSON
3301, की ,o
3302, सेना ,o
3303, में ,o
3304, प्रवेश ,o
3305, करके ,o
3306, सेना ,o
3307, का ,o
3308, परिमाण ,o
3309, और ,o
3310, मुख्य ,o
3311, २ ,B-COUNT
3312, वानर-१३जो ,B-PERSON
3313, युद्ध ,B-PERSON
3314, में ,o
3315, आगे ,o
3316, लगने ,o
3317, वाले ,o
3318," है, ",o
3319, और ,o
3320, जो ,o
3321, दूसरे ,B-PERSON
3322, शूरवीर ,B-PERSON
3323, वानर ,B-PERSON
3324," है, ",B-PERSON
3325, और ,o
3326, जैसे ,o
3327, उन ,B-PERSON
3328, महात्मा ,B-PERSON
3329, वानरों ,B-PERSON
3330, का ,B-PERSON
3331, निवेश ,o
3332, (तरतीव) ,B-PERSON
3333, है ,o
3334, ।। ,o
3335, ४ ,B-COUNT
3336, । ,o
3337, और ,o
3338, राम ,B-PERSON
3339, का ,B-PERSON
3340, और ,B-PERSON
3341, वीर ,B-PERSON
3342, लक्ष्मण ,B-PERSON
3343, का ,B-PERSON
3344, व्यवसाय ,o
3345, पाक्ति ,B-PERSON
3346, और ,o
3347, शव ,B-PERSON
3348, ठीक ,B-PERSON
3349, २ ,B-COUNT
3350, जानने ,o
3351, योग्य ,o
3352, हो ,o
3353, वह ,o
3354, दोनों ,B-PERSON
3355, राम ,B-PERSON
3356, को ,o
3357, देखकर ,o
3358, दुखित ,o
3359," हो, ",o
3360, और ,o
3361, जीवित ,o
3362, में ,o
3363, निराश ,o
3364," हो, ",o
3365, हाथ ,o
3366, बांधे ,o
3367, रस्ते ,o
3368, हुए ,o
3369, यह ,o
3370, वचन ,o
3371, बोले ,o
3372, इस ,o
3373, मकार ,o
3374, सन्देश ,o
3375, दिये ,o
3376, हुए ,o
3377, शुक ,B-PERSON
3378, सारण ,B-LOCATION
3379, राक्षस ,B-PERSON
3380," ""भय ",o
3381," हो"" ",o
3382, इस ,B-PERSON
3383, प्रकार ,o
3384, धर्मप्रिय ,B-PERSON
3385, राघव ,B-PERSON
3386, को ,B-PERSON
3387, प्रविनन्दन ,B-PERSON
3388, करके ,o
3389, यह ,B-PERSON
3390, कहकर ,o
3391, शुक ,B-PERSON
3392, और ,o
3393, सारण ,B-PERSON
3394, को ,B-PERSON
3395, लज्जित ,o
3396, हुए ,o
3397, और ,o
3398, जय ,B-PERSON
3399, शब्द ,o
3400, कहकर ,o
3401, बाहर ,o
3402, चले ,o
3403, गये ,o
3404, देखकर ,o
