,text,alt_title
0,"[' वानर हनुमान सीमा के देखने की उत्कण्ठा येसूयास्त की प्रतीक्षा करता भया ', ' घ४-९) सीता को रावण के भन्तापुर में ढूंढना : वह महावीर्य महान हृदय पाछा वानर श्रेष्ठ रात के समय अद्वार से कोट को फांद कर का में प्रविष्ट हृया ', 'धानरराज के उस हितैषी ने लंका नगरी में प्रवेश करके मानों अपना बायां पाओं शत्रु के सिर पर रख दिया ', "" उस समय सुन्दर 'सब ओर से सजे हुए श्वेत मेघ के तुल्य राक्षसों के जो पद्माकार, स्वस्तिकाकार, और वर्धमान घर है, उन से इंका जगमन. कर रही थी, राधा के अर्थ वह श्रीमान् घूमता हुमा उसे देखता भया और आनन्दित होता भया ।। ३, ४ "", ' एक भवन से दूसरे भवन को जाते हुए उस वानरश्रेष्ठ ने वहाँ र विविध भाकृति और रूपों वाले भवन देखे ', ' वहाँ राक्षसों के घरों में उसने अप ""करते हुओं के मन्त्र मुने और स्वाध्याय में रत राक्षसों को देखा ', ' राक्षसों के घर से घर और बगीचों को देखता हुआ बेधड़क यह महलों के पास घूमा ', ' तव पवनपुत्र हनुमान ने यह भवन श्रेष्ठ देखा, जो राक्षसपति का भवन है, और बहुत महलों से भरपूर है', ' विशाल नेत्रोंवाली वैदेही सीता को ढूंढता हुआ शत्रुनों के मारनेवाला, हनुमान उसके चारों ओर घूमा ।। ९ ', ' तब वह उस सुन्दर पड़ी माला की ओर मस्थित हुआ, जो उत्तम स्त्री की तरह रावण की बड़ी पारी थी ', ' जिमकी सीदियों में माणेयां जड़ी हुई हैं, जो सोने के झरोकों से भूपित हैं, सङ्गमर्मर का फर्श है, और बीच २ में दान्त का काम किया हुआ है', ' जो सम, सीधे, बड़े कंचे पूरे २ मजे हुए स्तम्भों मे मानों आते ऊँचे पलों से छौ की ओर प्रस्थित हुई है ', ' सोंचम गलीचा जिसमें पिछा हुआ है, राक्षों के अधिपति से सेवित है, मन को प्रसन्न करने वाली और शरीर की कान्ति को बढ़ाने वाली है।। १३ ', ' दीपकों के प्रकाश से, रावण के तेज से, और भूषणों की चमक मे, पानों जलती हुई प्रतीत होती है।', ' उस शाला में देखते हुए इनुमान् ने रत्नों मे भाषेत एक दिव्य विलोरी शपनानन ( बैठने मोने का एला ) देखा ', ' ओर शराब पीकर बन्द हुए, श्रीद चमकते हुए पलङ्ग -. पर लेटे हुए राक्षसाधिपति को उस महारानर ने देखा ', ' ससके पास आकर बड़ा गीवन इा अत्यन्त डरे हुए की तरह पीछे-इट गया, और प्यारी खियों वाले उस राक्षसपति के घर. में बस वानर यूयपति ने चन्द्र तुल्य मुखवाली, सुन्दर कुण्डल पहने हुई, ताजे घुषषों की पालाएं और भूषणोंवाली पनियों को देसा ', ' उन में से एकान्त स्थिव एक गुभ शय्या के ऊपर लेटी हुई रुपवती उम ने एक खो देखी ', ' जो अपनी शोभा से मानों उस उत्तम भवन को शोभायमान करती थी, बद्द मन्दोदरी थी, जोकि सुन्दर रूपवती वहां लेटी हुई थी ', ' महाबाहु पवनसुत ने उस भूषित स्त्री को देखकर उमके रूप यौवन की सम्पदा से रूपाल किया, कि कदाचित यह सीता हो ', ' य०१०-११) राधण के अन्तःपुर में सीता का न पाना पर उसी समय उस रूपाळ को पटाकर, स्थित हुा महा . घानर सीता के विषय भरा विचार करता भया ', 'कि राम से वियुक्त हुई वह मुन्दरीन सो सक्ती है, न भोग रती है, न अलङ्कार कर सक्ती है, न पान सेवन कर सक्ती है ', ' नि:सन्देह यह कोई और है, ऐसा निश्चय करके फिर वह विचरने लगा, "" इसमकार रावण का सारा अन्तःपुर( रनिवास ) उस महातेजस्वी वानर ने पूरी तरह देखा, पर जानकी को नहीं देखा ', ' उन स्त्रियों को देखते हुए, वर्ग भय से भीत हुए, उस पहावानर को षड़ी शङ्का उत्पन्न हुई', ' सोई हुई कुलीन परस्त्री को देखना, यह मेरा अत्यन्त घपलोप करेगा ']"," उस समय सुन्दर 'सब ओर से सजे हुए श्वेत मेघ के तुल्य राक्षसों के जो पद्माकार, स्वस्तिकाकार, और वर्धमान घर है, उन से इंका जगमन. कर रही थी, राधा के अर्थ वह श्रीमान् घूमता हुमा उसे देखता भया और आनन्दित होता भया ।। ३, ४  वहाँ राक्षसों के घरों में उसने अप ""करते हुओं के मन्त्र मुने और स्वाध्याय में रत राक्षसों को देखा  तब वह उस सुन्दर पड़ी माला की ओर मस्थित हुआ, जो उत्तम स्त्री की तरह रावण की बड़ी पारी थी  ओर शराब पीकर बन्द हुए, श्रीद चमकते हुए पलङ्ग -. पर लेटे हुए राक्षसाधिपति को उस महारानर ने देखा  जो अपनी शोभा से मानों उस उत्तम भवन को शोभायमान करती थी, बद्द मन्दोदरी थी, जोकि सुन्दर रूपवती वहां लेटी हुई थी "
1,"[' मेरी दृष्टि आजतक (ऐमी अवस्था में ) परस्त्रियों के ऊपर नहीं पड़ी थी, और यहां मैंने परस्त्रिों को देखा है ', ' फिर जम एकाग्रचित्त वाले को ठीक निश्चय पर पहुंचानेवाला, एक निश्चित दूसरा विचार . उत्पन्न हुआ ', 'निःमन्दह मैंन चिश्वस्त लेटी हुई रावण की सव स्त्रिये देखी है, पर मेरे मन में कोई विकार उत्पन्न नहीं हुशा है ', ' शुभ अशुभ्र अवस्थाओं में मन ही सार इन्द्रियों की प्रकृति में हेतु है, और यह मेरा ठीक टिका हुआ है (विस्कुल नहीं होला है ) ', ' सीता और कहीं ढूंढो नाही नहीं सक्ती है.ढूंढने में खिये सदा स्त्रियों में ही दरखी जाती हैं ', ' सो मैंने शुद्ध मन से रावण का पारा अन्तःपुर ढूंढ लिया, पर जानकी नहीं दीखती ', ' जब उस वीर वानर ने वहां और ही सुन्दर खिया को देखा, किन्तु सीता को न देखा, तब वह वहां से निकलकर चलने को तय्यार हुआ ', ' ) सीता के न मिलन से हनुमान की उदासी सब बद महावानर राम की इस प्यारी को न देखता हुआ सोचने लगा, निमन्देह मैथिली सीता जीती नहीं है, जिससे मुझे हूंढने हुए कहीं नहीं दीखती है ', ' पवित्र आर्यपथ में स्थित हो अपने श्रील क्षण में तत्परा हुई उम वाला को इस दुष्ट कर्मा वाली राक्षस ने मार डाला होगा ', ' मैंने सारा अन्तापुर देख लिया, रावण की स्त्रिये देखली, पतिव्रता सीवा नहीं देखी, सारा परिश्रम व्यर्थ गया। जब मैं जाऊंगा, सो सारेवानर मिलकर मुझे क्या करेंगे, वीर वहां जाकर तूने क्या किया मो कहो', ' और मैं उस जनकमुता को न देखकर क्या कहूंगा, और मुद्ध जाम्बवान और वह अशा मुझे क्या कडेगा ', ' (क्षणमात्र उत्साहीन हो फिर उत्साह का अवलम्पन करके कहता है) उत्साह न हारना श्री का मूल है. उत्साह न हारना परम सुख है, सो फिर वहां ढूंदूंगा, जहां छूट नहीं की है ', ' उदाह न हारना ही सारे कार्यों में प्राप्त कराता है, और मनुष्य के इस कार्य को सफल बनाता है. जो कि बह करता है १७', ' यह सोचकर वह फिर हूँढने लगा, और बह मावानर एक अवकाश में फिस!! ८.', ' रावण के अन्तःपुर में चार अमुक का भी अवकाश ऐसा न वचा, जिसमें वह वानर न पहुँचा हो ', ' लोक में रूप से अतुल, विद्याघरों की व हनुमान न देखी, पर वह राघर की प्यारीन देखी ', ' राक्षसराज ने छीनकर बल से हरी हुई नागकन्याएं. हनुमान ने देखीं. पर यहां भी वा जनकनन्दिनी न देखी। १५ ।। रव यह महाबाट पचनमुन उसको न देखता हुआ, और अन्य सुन्दर वियों को देखता हुआ निराश होगा ! १२ ', ' वानम्पत्तियों का उद्योग और समुद्र का लखना मव व्यर्थ देखकर पवनसुत फिर चिन्ता को प्राप्त हुभा ', ' संगर (१० १३ हनुमान के अनेक विध विचार मुहूर्तभर यह सोचकर और मन से निश्चय करके वह महा तेजस्वी उस मन्दिर के कोट को फांद गया ', ' विचित्र क्षों से सब ओर से ढकी हुई ( फूलों से) उदय हुए सूर्य के तुरुप उस (पनिक) को हनुमान बळी देखता भया ', ' पुष्प फलों से युक्त नानाविध वृक्षों से और मस्त कोइलों और भौरों से सेवित', ' सदर जिसमें सब मनुष्य प्रसन्न हैं, जो पत्त, मृग पक्षियों से भरे हुए मस्त भौरों से गूंजती हुई नाना द्विजगणों से युक्त है', ' वह वानर वहां विचरता हुआ मनोरम मणिभूमिप, चान्दी की सी भूमि, और सुनहरी मामयें देखता भया ', ' और वहां सुन्दर जल से भरी हुई विधि आकृतियोंवाली मदाह सीड़ियों से युक्त वावड़िये ।। ७ ', ' लम्बी२, बसों से युक्त, अमृत तुल्य जलवाली, मन्दर नहरों से सभी हुई।']"," सो मैंने शुद्ध मन से रावण का पारा अन्तःपुर ढूंढ लिया, पर जानकी नहीं दीखती  ) सीता के न मिलन से हनुमान की उदासी सब बद महावानर राम की इस प्यारी को न देखता हुआ सोचने लगा, निमन्देह मैथिली सीता जीती नहीं है, जिससे मुझे हूंढने हुए कहीं नहीं दीखती है  यह सोचकर वह फिर हूँढने लगा, और बह मावानर एक अवकाश में फिस!! ८. संगर (१० १३ हनुमान के अनेक विध विचार मुहूर्तभर यह सोचकर और मन से निश्चय करके वह महा तेजस्वी उस मन्दिर के कोट को फांद गया  वह वानर वहां विचरता हुआ मनोरम मणिभूमिप, चान्दी की सी भूमि, और सुनहरी मामयें देखता भया "
2,"[' तब उस वानर ने सारे जगह में सुहावना एक पर्वत देखा, जो चाटियों में सब ओर से घिरा हुआ विचित्रकूट नामी था ', ' एस पर्वत से निकलती हुई वानर ने एक नदी देखी, जो जल में लगती हुई शाखाओं वाले वृक्षों से शोभिव थी ', ' उस महावानर ने एक सुनहरी रङ्ग की शीशम देखी, जो चारों ओर सुनहरी बेदियों से युक्त थी', ' वड़ महादानर पत्तों से पूर्ण उस वोक्षम पर चढ़ गया, कि यहां से मैं राम के देखने की लालसा गळी वैदेही को देखूगा ', ' सन्ध्याकाल में मन बाली, बह जानकी निःसन्देह इस शुभ जलवाली नदी पर आएगी ', ' यह शुभ अशोकवनिका उसके योग्य है, जोकि राज राजेश्वर राम की सम्मत शुभ पत्नी है ', ' यदि वह चन्द्रमुखी देवी जीती है, तो इस शीत जलचाली नदी पर अवश्य आएगी ', '्ड ) हनुमान् का सीता को देखना उस मुर्ण की आभावाली, युवति को लोक की सुन्दर श्री की तरह देनकर मन से राम को स्मरण किया और यह वचन घोला ', ' इसके निमित्त लोक विख्यात मुग्रीव बालि से रक्षित वानरों के दुर्लभ ऐश्वर्य को प्राप्त हुआ है', ' और नद नदियों का पति श्रीमान सागर मैंने लेघा है, इस विशालनत्रा के हेतु मैंने यह सारी पुरी ढूंढ़ी है ', ' इसके लिये यदि राम समुद्र पर्यन्त सारी पृथिवी को और जगत् को भी उलट दे, तो युक्त है, यह मेरी मति है ', ' एक ओर तीनों लोकों में राज्य, दूसरी ओर जनकसुता सीता, तीनों लोक का राज्य सीता की कला को नहीं पातक्ता है।। ५', ' यह धर्म शील, मैथिलराज महात्मा जनक की पुत्री सीता है, जो भर्चा में पद व्रतवाली है ', ' पौड, कता अपने मात्मा को जाने हुए राम की यह प्यारी भार्या राक्षसियों के बस में पड़ी है ', ' जो धर्ता के स्नेह के बल से सारे भोगों को त्यागकर और कओं की प्रवाह न करके निर्जन वन में प्रविष्ट हुई है ', ' जोकि फछ मूल से मसम्म भर्ता की सेवा परायण हुई वन में भी भवन की तरह परम प्रीति को भोगवी थी', ' से यह सुवर्ण तुल्य रङ्गवाली, नित्य हंसती हुई बोलने पाली इस तीन दुःख को सह रही है, जोकि अनयों की योग्या नहीं है ', ' रावण के दवाब डालने पर भी चरित्र में इस को राम इस तरह देखने की इच्छा रखते हैं, जैसे प्यासा प्याऊकी ', ' इसके लाभ से राय निःसन्देह फिर प्रीति को प्राप्त होंगे,सुन्दर काम जैसे राज्य से गिरा हुआ राना फिर पृथिवी को पाकर ', ' काय भोगों से अलग हुई, इन्धुजनों से हीन हुई केवक राम के समागम को चाहती हुई अपने देह को घारती है।', ' न यह इन राक्षसियों को देखती है,न पुष्प फलों चाले पक्षों को,किन्तु एक ही जगह दिल को टिकाकर केवल राम को ही देख रही है ', ' पति स्त्री को भूषण से भी बढ़कर शोभा देनेवाला होता है। यह बम से रहित हुई शोभा के योग्य भी शोभा नहीं पाती है ', ' राम बड़ा दुष्कर कय कर रहे हैं, जो इसमे हीन हुए अपने देह को धारते हैं, दुःख से फट नहीं जाते ', ' इस काले बालों. वाली पद्मपत्र तुल्य नेत्रोंवाली, सुख के योम्पा को पुखिया देख कर मेरा भी हृदय दुःखित बारहा है।', ' इत्यादि बातों को देखकर यह सीता है, इसमकार निश्चयवाला बलबाला, वेगवाला, वानरों उस वृक्ष पर बैठ गया ']"," तब उस वानर ने सारे जगह में सुहावना एक पर्वत देखा, जो चाटियों में सब ओर से घिरा हुआ विचित्रकूट नामी था  वड़ महादानर पत्तों से पूर्ण उस वोक्षम पर चढ़ गया, कि यहां से मैं राम के देखने की लालसा गळी वैदेही को देखूगा  और नद नदियों का पति श्रीमान सागर मैंने लेघा है, इस विशालनत्रा के हेतु मैंने यह सारी पुरी ढूंढ़ी है  से यह सुवर्ण तुल्य रङ्गवाली, नित्य हंसती हुई बोलने पाली इस तीन दुःख को सह रही है, जोकि अनयों की योग्या नहीं है  पति स्त्री को भूषण से भी बढ़कर शोभा देनेवाला होता है। यह बम से रहित हुई शोभा के योग्य भी शोभा नहीं पाती है "
3,"[' , १८) प्रभात का समय और रावण का अशोकवनिका में आना तत्र कुमुद खण्ड के तुल्य निर्मल चन्द्र, नीले जल पर हंस की तरह निर्मल आकाश पर उदय हुभा ', ' वह निर्मभभा वाला चन्द्र उसकी सहायता सी करता हुआ सीतल किरणों से पवनपुत्र को सेवन करता भया ', ' तब उसने चन्द्र तुल्य मुखवाली सीता को जल में भारों से दयी हुई नौका की तरह शोक के भारों से दी हुई देखा ', ' उस पत्त नेत्रोंवाकी को देखकर हनुमान ने हर्ष से उत्पन्न हुए आँस छोड़े, और राम को नमस्कार किया ', ' इसमकार फूले हुए वृक्षों वाले बन को देखते हुए, मौर सीता को ढूंढते हुए उसे रात थोड़ी सी शेपरह गई', ' वह पिछली रात के समय पडङ्ग बेद के जाननेवाळे, पचम यों के करनेवाले, ब्राह्मण राक्षसों की वेद ध्वनिय सुनता भया ', ' उस समय मङ्गक बाओं और कानों के प्यारे शब्दों से महाबाहु महाबड़ी रावण जागा ', ' जागकर यह प्रतापी महाभाग राक्षसेन्द्र लगातार चाछी अशोक वनिका में ही मविष्ट हुआ ', ' निद्रा और मद से भरे हुए नेत्रोंवाली रावण: की उच्चम खिये मेघ के साथ विजालियोंकी तरह वीरपति के साथ आई ', 'चह महापकी उनका पति काम के पराधीन हुमा सीता में लगे हुए मनवाला, मन्द २ पोभनगति से शोभायमान था ११.०', ' पहाने जम्बी महावानर ने उस बेजात्री को देखा, तब वह बुद्धिमान् वानर "" यह महावाहु रावण है"" ऐसा सोचकर शाखाओं के अन्दर पत्नों में छिय गया ।। ११, १२ ', ' वह रावण स काले बालों वाली सुन्दर कमर वाली पानस्तनों चाली काले कटाक्ष वाली को देखना चाहता हुभा पास आया ', ' च०१५, २०) रावण को देखकर सीता का मय मौर रावण का प्रेम दिखलाना तब राक्षसाधिपति रावण को देखते ही वरारोहा सीता मवल वायु में कदली की तरह कांप उठी ', ' रानों से पेट को और भुजाधों से स्तनों को हांप कर यह विशालनेत्रा चरबणिनी रोती ई सिमटकर बैठ गई ', "" रावण ने राक्षसीगणों से रक्षा की हुई, दीन, दुःख से पीड़ित सीता को समुद्र में टूटी हुई नौकावत देखा ।। ३ ।। खाली भूमि पर बैठी हुई, तीक्ष्ण प्रवाही (मानों रावण के षध के लिए तीक्ष्ण व्रत करती ई) कटकर भूमि' पर गिरी वनस्पति की शाखा की सरह "", ' मैले रूपी भूषण से लिरते हुए अङ्गोवाली, भूपों के योग्या, पर भूषणों में शहेत कीचर से लिबड़ी कमलिनीकी तरह भासती है और नहीं भासती ', ' जो संकल्प के घोड़े जोड़कर यनारों में मानों विदितात्मा राजमिह राम के समीप जारही है ', ' मुखली हुई रोती हुई अकेकी ध्यान शोक परायण हुई दुःख का अन्त न देखती हुई राम के अनुनत रमणी ', ' पति के थोक से पीड़ित, सारे जळ के ( दूसरी ओर ) घड जाने से सूखी नदी की तरह है, अन्न दि से सर्वया हीन होने से कृष्णपक्ष में रात्रि की तरह स्थित है ।। ९ ', ' रावण उस राभिषों से घरीह दीन आनन्द रहित को अभिप्रायवाले मधुर वाक्यों से (अपना अभिमायो दिखलाता झ्या ', ' मुझे देख कर हे हाथी के मूह के तुल्प रानों वाळी २ स्तन भीर उदर को छिपानी हुई मानों भय मे अपने पाप को अदृश्य कर रही ', ' विधाळ नेत्रोंवाली में तरी कामना करता #.हे सारे सुन्दर भङ्गोवाली, सारे जगत के मन हरनेवाली मेरी प्यारी मेरा बहुमान कर ', ' मैं तुझ अकामा को हे मौलि नहीं डूंगा, चाहे काम मेरे देह में यथेच्छ भी प्रवृत्त हो ', ' दे देवि ! इसमें तुझे भय नहीं करना चाहिये, हे पारी मेरे ऊपर विश्वास कर, पूरा २ प्रेम कर, इमरद पोकपरायण न हो ', ' व खीरल है, ऐमी मत रहो, अद्रों पर भूषण धारणकर,म पाकर हे सुन्दर र किसतरह भूषणों के अयोग्य होसक्ती है ']"," उस समय मङ्गक बाओं और कानों के प्यारे शब्दों से महाबाहु महाबड़ी रावण जागा  पहाने जम्बी महावानर ने उस बेजात्री को देखा, तब वह बुद्धिमान् वानर "" यह महावाहु रावण है"" ऐसा सोचकर शाखाओं के अन्दर पत्नों में छिय गया ।। ११, १२  च०१५, २०) रावण को देखकर सीता का मय मौर रावण का प्रेम दिखलाना तब राक्षसाधिपति रावण को देखते ही वरारोहा सीता मवल वायु में कदली की तरह कांप उठी  रावण ने राक्षसीगणों से रक्षा की हुई, दीन, दुःख से पीड़ित सीता को समुद्र में टूटी हुई नौकावत देखा ।। ३ ।। खाली भूमि पर बैठी हुई, तीक्ष्ण प्रवाही (मानों रावण के षध के लिए तीक्ष्ण व्रत करती ई) कटकर भूमि' पर गिरी वनस्पति की शाखा की सरह  मुझे देख कर हे हाथी के मूह के तुल्प रानों वाळी २ स्तन भीर उदर को छिपानी हुई मानों भय मे अपने पाप को अदृश्य कर रही "
4,"[' पह तेरा सुन्दर बना हुथा, यौवन चला जारहा है, जो गया हुभा नदियों के प्रवाह की तरह वापिस नहीं आता है ', ' मैं . जानता है, कि तुझ उत्पन्न बार के रूप के बनाने वाले विश्वकर्मा ने रूप बनाना छोड़ दिया है, डे शुभ दर्शनवाली सेरे तुल्य और रूप की उपमा नाँ है ', ' हे चन्द्र तुल्य मुख वाली तेरे जिसर अड़ को देखता है, उसमें हे विशाल श्रणिपाली मेरी दृष्टि गड़ जाती है।', ' हे मैधिक्ति मेरी भार्या हो, इम मोह को छोड़ परत उत्तम नियों में तू मेरी मुख्य पटरानी थे ', ' सारे लोकों से पल से हर कर जो मैं रत्न लाचा हूं, हे भरु तुझे यह सारे और गज्य देता हूं ', ' अनेक नगरों की माला वाली मारी प्रधिषी को जीतकर तेरी खातिर है विलासिनि जनक को दंगा ', ' हे भीरु यथारूचि भोगों को भोग, और पानकर. और यथारुचि पृथिवी और धन का दान ', 'रशाराम अब जिम की विजय की आशा दूर होगई, धन में घूपता हा.प्रनी, स्थण्डिलों पर लेटता आ सन्देह है जीता है या नहीं ', ' वैदे जिनके आगे आगे वर्गक ( उड़ रहे हैं, ऐसे ) मेघों से की चान्दनी की तरह सुप अब तुझे देख नहीं पायेगा ', '  व० २६) सीता का पवित्र उत्तर जम रौद्र राक्षस के वचन का सुनकर रोसी दुई कांपती हुई, बेचारी दुखिया सीता ।।पनियता शुद्ध इंधीवाली परारोहा पति काही चिन्तन करती हुई मध्य में तुण रखकर (दुष्ट अभिप्राय चाके में माक्षाव बात करना भी प प जानकर उत्तर देवी भई', ' मुझ से मन को हटा, अपने जन ( अपनी स्त्रियों में मन को मौक्ति चाल! रख.निद्धि को पापी पुरुष की तरह तू मुझे चाहन योग्य नहीं - है', '', ""मैं पतिव्रता महान कुल में उत्पन्न हुई श्रीर महा कुल को पात 'हुई ऐसा निन्दित अकार्य नीं करूंगी"", ' राक्षस जैसे तुझे अपनी वैसे पर खियों की रक्षा करनी चाहिये,अपने आप को ही दृष्टान्त बनाकर अपना स्त्रियों में रमणका ', ' क्या यह ले पुरुषों नहीं. वा. भलों के पीछे नहीं चलता है, जैसा कि यह सरी एलटी बुद्धि सदाचार से उलटी है ', ' अथका तू आपही. श्रीवारमीकि समाषण कुमार्ग में पड़ा हुश्रा, विद्वानों से कई पथ्य वचन को नहीं सुनता है ', ' अमितेन्द्रिय, अनीति में रत, राजा को पाकर समृदिशाली भी नगर और देश नष्ट होजाते हैं ', ' वैसे ही तुमको पाकर तेरे अकेले के अपराध मे रन समूहें। से भरी सारी लङ्का जल्दी नष्ट होजाएगा ', ' मैं ऐश्वर्य, धा धन से लुभाई नहीं जासक्ती, मैं राघव से इस तरह अभिन्न हूं, जैसे मूर्प से प्रभा ।। १० ।। उस लोकनाथ की पूजित भुजा को सिर के नीचे रखकर अब कैसे किसी दूसरे की भुजा को सिर के नीचे रखुगी', ' में उसी पृथिवीपति के योग्य भार्या है, जो विषा व्रतस्वात और साधनों के जानने वाले ब्राह्मण के ही योग्य होती है ', ' राक्षण सुन दुखिया को राम के साथ मिला दे, यही भला है, इस से अन्यथा करता हुआ तू परम आपद को प्राप्त होगा ।।१३', ' (इन्द्र का) छोड़ा हुआ पन छोड़दे, यम चिर तक छोड़ दे, पर कुद्ध हुआ बह कोकनाथ राघव तेरे जैसे को कभी नहीं छोड़ेगा ', ' जल्दी पहा राप कक्ष्मण के नामवाळे तीक्षण नोकाचार तीर सकते हुए मुखबाक सांपों के तुल्य पाकर पहेंगे ', ' समें १३ ( ०२२) राषण का कोष राक्षसपान सीता के इस कठोर धवन को पुनकर सस.. न मियदर्शना सीता को विमिय वचन बोला ', ' तेरे विषय में उत्पन. , हुमा काम मेरे ऋोध को रोकता है, जैसे अमार्ग को पाकर दौड़ते , हुए घोड़ों को अच्छा साराव रोकता है, ']"," सारे लोकों से पल से हर कर जो मैं रत्न लाचा हूं, हे भरु तुझे यह सारे और गज्य देता हूं   व० २६) सीता का पवित्र उत्तर जम रौद्र राक्षस के वचन का सुनकर रोसी दुई कांपती हुई, बेचारी दुखिया सीता ।।पनियता शुद्ध इंधीवाली परारोहा पति काही चिन्तन करती हुई मध्य में तुण रखकर (दुष्ट अभिप्राय चाके में माक्षाव बात करना भी प प जानकर उत्तर देवी भईमैं पतिव्रता महान कुल में उत्पन्न हुई श्रीर महा कुल को पात 'हुई ऐसा निन्दित अकार्य नीं करूंगी अमितेन्द्रिय, अनीति में रत, राजा को पाकर समृदिशाली भी नगर और देश नष्ट होजाते हैं  मैं ऐश्वर्य, धा धन से लुभाई नहीं जासक्ती, मैं राघव से इस तरह अभिन्न हूं, जैसे मूर्प से प्रभा ।। १० ।। उस लोकनाथ की पूजित भुजा को सिर के नीचे रखकर अब कैसे किसी दूसरे की भुजा को सिर के नीचे रखुगी"
5,"[' यह देदा काम । मनुष्यों का जिसमें बच जाता है, उस जन पर दया और मेह । पत्रम होजाता है। इसकारण से हे वरानने मैं तुझे मारवा नहीं हूं. जो वध के योग्य, अपमान के योग्य और मिथ्यात्यागाविषय त्याग) में रस है । जो २ कठोर वाक्य तु मुझे कहती है,उनर में है मैथिलि तेरा दारुण क्ध युक्त है ', ' सक्षम्पले रावण सीता को ऐसे कहकर फिर क्रोध और जोश से भरा हुआ पचन बोला ', ' दो महीने मैन और देखना है, जोकि मैने अवधि की हुई, उसके पाहे वरवीणनि तुझे मेरी शश्या पर अरूद होना पड़ेगा ', ' दा महीने के छ यदि मुझे अपना भई न चाहेगी, वो मेरे रसोइये तुझे मातराशा के लिये टुकड़े२ काटेंगे।।८', ' जब राक्षसेन्द्र ने सीसा को इस तरह झिडका, तो उसे देखकर देव गम्घयों की उन(सीता की तरह बल से लाई हुई कन्याओं की दृष्टि में विकार आगया, और वह बहुन उवात हुई ', ' उनसे तसल्ली दी हुई सीता रामपति रावण को इत्त और गर्व से भरा हुआ वचन बोली ', ' क्या इस नगर में कोई भी पुरुष तरी भलाई में स्थिर नहीं, जो तुझ इस निन्दिय कर्म से रोकता नहीं है ', ' इन्द्र की इन्द्राणी की तरह धर्मात्मा की पनी मुझको कौन तीनों कोकों में तेरे बिना मन से भी चाह सक्ता ', ' हे राक्षमाधम ! अमित तेजराल राम की भार्या को नो ने पाप कहा है, अब कहां गया हुभा तू उस से टूटेगा ', ' यह तरे काले कैरे विकृत क्रूर नेत्र हे अन.ये मेरी ओर देखते हुए के थिली पर क्यों नहीं गिर पड़वे ।। १४ । उत धर्मात्मा की पत्नी दश ध.की स्तुपा मुझको ऐनी बात करते हुए दे पापी सरी जिला क्यों नहीं फट जाती', 'मुझे धर्मास्मा राम की आशा नहीं और आप को बचाना है, इसलिये हे रावण मैं तुझे अपने (पातिप्रस के) तेजस भस्म नहीं करती है, यद्यपि त् भस्म के योग्य है ', ' उस बुद्धिमान् राम से मैं छीनी नहीं माफी, यह विधाता नेड तेरे वध के लिये घटना घट ई है, इसमें संशय नहीं ', ' शूरवीर, कुबेर के भाई सेनाओं से युक्त हुए तूने अकेले भी राम को क्यों दूर हटाकर उसकी स्त्री को चुराया ', ' वण का सीना पर क्रोध सीता के वचन को सुनकर साक्षसपति रावण क्रूर मेवों को मोड़कर जानकी की ओर देखता भया ', ' कोष से लाल हुए मेवों वाला भुजङ्ग की सरह सांस लेता हुआ रावण पैदेही सीता की और देखता हुआ बोला ', ' अनीति से युक्त, और अर्थ से. हीन राम के पछि चफने वाली ! अभी तुझे वल से नाश करता हूं जैसे सूर्य सन्ध्या को ', ' शत्रुओं के रुलाने वाला, राजा-रावण यैथिली को यह कहकर फिर भयङ्कर दर्शनवाली, राक्षसियों की और देखता भया ', ' हे राक्षसियो! तुम सब मिळकर ऐसा करो, जिससे कि नानकी सीता जल्दी मरे घस में हो ', ' प्रतिकूल अनुकूल व्यवहारों से साम दाम भेद और दण्ड से पैदेही को मेरी ओर झुकाओ ', ' वार २ वह आज्ञा देकर काम क्रोध से भरे हुए मन चाळा राक्षसन्द्र जानकी के प्रति गर्जा ', ' उसी समय पान्यमालिनी राक्षसी निकट पहुंचकर आलिअन करके रावण मे यह वचन बोकी ', ' मुझ से क्रीडा कसे महाराज, दे राक्षसवर इस फीके रनवाली, मानुषी से तुझे क्या है', ' निःसन्देह है महाराज तेरे मुजवळ से कमाए उत्तम भोग देवताओं ने इसके लिये नहीं बनाए ', ' न चाहती हुई को चाहने वाले का शरीर संपता है, चाहती हुई को चाहने वाले की बोभना प्रीति होती है ', ' राक्षसी से ऐसे कहा हुभा बह मेघ तुल्य राक्षस चली वहां से इटकर चला गया']"," यह देदा काम । मनुष्यों का जिसमें बच जाता है, उस जन पर दया और मेह । पत्रम होजाता है। इसकारण से हे वरानने मैं तुझे मारवा नहीं हूं. जो वध के योग्य, अपमान के योग्य और मिथ्यात्यागाविषय त्याग) में रस है । जो २ कठोर वाक्य तु मुझे कहती है,उनर में है मैथिलि तेरा दारुण क्ध युक्त है  यह तरे काले कैरे विकृत क्रूर नेत्र हे अन.ये मेरी ओर देखते हुए के थिली पर क्यों नहीं गिर पड़वे ।। १४ । उत धर्मात्मा की पत्नी दश ध.की स्तुपा मुझको ऐनी बात करते हुए दे पापी सरी जिला क्यों नहीं फट जातीमुझे धर्मास्मा राम की आशा नहीं और आप को बचाना है, इसलिये हे रावण मैं तुझे अपने (पातिप्रस के) तेजस भस्म नहीं करती है, यद्यपि त् भस्म के योग्य है  वण का सीना पर क्रोध सीता के वचन को सुनकर साक्षसपति रावण क्रूर मेवों को मोड़कर जानकी की ओर देखता भया  शत्रुओं के रुलाने वाला, राजा-रावण यैथिली को यह कहकर फिर भयङ्कर दर्शनवाली, राक्षसियों की और देखता भया "
6,"[' संग १५ (०२३, २४) राक्षसियों का सीता को समझाना और .सीता का पन को उत्तर उसके पीछे सीता के पास आकर क्रोध से मूछि राक्षसिये सीता को कठोर वचन बोलीं ', 'ई सीते बहुमूल्य शय्याओं से युक्त सबलोगों के मन को लुभानेवाले अन्तःपुर में वास तू क्यों पसन्द नहीं करती बिलोकी के ऐश्वर्य को भोगने वाले रामसेमा रावण को भर्ता चनाकार मुख पूर्वक निहार कर', '', ' हे योभने मानुधी व मानुप राय को चाहती है,हे आनिन्दिते को राम्प से घा, मर्थ से हीन घराया फिरता है', ' शक्षसियों के परन को सुनकर पव तुल्प नेत्रोवाली सीता आए भरे नेत्रों से पह वचन बोली ', ' तुप सर इकही होकर पा को कोक निन्दिव वाक्य कहती हो, यह पाप भरा वाक्य मेरे मन में जगह नी पकड़ सका है ', ' मानुपी राक्षम की भार्या नहीं हो सक्ती पेशक सब मिलकर मुझे खाजाओ, पर तुम्हारी बात नहीं मानेगी ', ' दीन वा राज्यहीन है, जो मेरा भा है, वह मेरा गुरु है, उस पर सदा अनुरक्त है, जैसे सूर्य पर सुघर्षला ', ' जैसे महाभागी इन्द्राणी इन्द्र के, अरुन्धती वसिष्ठ के, रोहिणी चन्द्र के ', ' लोपामुद्रा अगस्त्य के, मुकन्या च्यवन के, सावित्री ससवान् के, श्रीपती कपिल के ', ' पदयन्ति सौदास के, केशिनी सगर के, भीम की पुत्री दमयन्ती निषघ के राजा अपने पति के अनुनबा है ', ' इसमकार मैं इक्ष्वाकुवर राम पात के अनुव्रता हूँ', ' उस शीशम के वृक्ष पर चुपचाप छिपा श्रा इनुमान, वानर सीता को झिड़कती हुई राक्षसियों को सुनता भया ', ' जन भयङ्कर राक्षासयों की शिड़के सहकर वह उत्तम नारी आंसुओं को पोंछती हुई उस शीशम की ओर ही आई ', ' व० २५, २६ ) सीता का अति करुण विलाप पन में यूध से भ्रष्ट हुई, भेड़ियों से पीड़ित हरिणी की तरह पीधित शीवा ( भय से) मानों अपने अग में प्रवेश करती हुई अधिक कांप रही थी ', ' पर टूटे हुए मनवाळी अयोक की एक फूली हुई शाखा को पकड़ कर शोक से भर्ता को सोचने लगी ', ' वह नेत्रों के जक के पहने से अपने विपुक स्तनों को स्नान कराती, और सोचती हुई, तब शोक का अन्त नहीं पाती। ', ' खिया सुन्दरी "" हा सम"" का लक्ष्मण, हा परी सास कोरपा, हा पुमित्रा, पापार २ कहती भई । विद्वानों ने यह कहावत ठीक कही है, किरिना काळ के स्त्री पा पुरुष को प्रत्यु दुर्बम है | जब कि में इन क्रूर राक्षसियों से यहां पीड़ित हो राप में वियुक्त हो दुखिपा होकर मुईत मी भीती हूं 1', ' भो को न देखती हई राक्षसियों के बस्त पढ़ी जुई, मले तोड़े हुए किनारे की तरह कांक से गिर रही है ', ' कैसा यहापाप मैंने देहान्तर ३ किया है, जिससे यह बड़ा दारण घोर पहा दुःख पारही हूँ ', ' पड़े शोक से घिरी हुई, में जीवन त्यागना चाहती है. इन राजसियों से रक्षा की दुई में राम को नहीं पापकूली ', ' विज्ञार है मनुष्यता को और विकार है पराधीनता को, जिम में कि अपनी इच्छा से जीवन भी नही फामा आरक्ता ३१२', ' चिम्सन्देह यह मेरा इदय पत्थर काबम १५]  बना हुआ है, अथवा अजर अमर है, जो यह इतने बड़े दुःख से फर ना जाता है ', ' पिकार है मुघ अनार्या असती को भो में पति से अमा की हुई मुहूर्त भी पाप का जीवन जीती ', ' मैं राक्षस रावण को चाएं पाओं से भी नहीं छूगी, क्या फिर में उसे कामना कर ']","ई सीते बहुमूल्य शय्याओं से युक्त सबलोगों के मन को लुभानेवाले अन्तःपुर में वास तू क्यों पसन्द नहीं करती बिलोकी के ऐश्वर्य को भोगने वाले रामसेमा रावण को भर्ता चनाकार मुख पूर्वक निहार कर दीन वा राज्यहीन है, जो मेरा भा है, वह मेरा गुरु है, उस पर सदा अनुरक्त है, जैसे सूर्य पर सुघर्षला  खिया सुन्दरी "" हा सम"" का लक्ष्मण, हा परी सास कोरपा, हा पुमित्रा, पापार २ कहती भई । विद्वानों ने यह कहावत ठीक कही है, किरिना काळ के स्त्री पा पुरुष को प्रत्यु दुर्बम है | जब कि में इन क्रूर राक्षसियों से यहां पीड़ित हो राप में वियुक्त हो दुखिपा होकर मुईत मी भीती हूं 1 विज्ञार है मनुष्यता को और विकार है पराधीनता को, जिम में कि अपनी इच्छा से जीवन भी नही फामा आरक्ता ३१२ मैं राक्षस रावण को चाएं पाओं से भी नहीं छूगी, क्या फिर में उसे कामना कर "
7,"[' मैं जानती हूं कक्ष्मण का पड़ा याई मुखे यहाँ स्थित नहीं जानता है. जाने तो पड तेजस्वी अपमान को नहीं सधारणा ', ' ""हरी गई। यह जानकर जो राघन को मेरा पता देवा, बह गृध्रराज भी रावण ने रण में मार गिराया ।।१७।। मेरे ऊपर अनुग्रह करते हुए जटायु ने पढ़ा काय किया, जो शुद्ध होकरभी रावण के पथ के लिए खड़ा होमया', ' राघव यदि यहां मेरा होना जानके, तो क्रुद्ध हुआ बद्द अभी बागों से लोक को दिन सक्षमों के धना दे ', ' रक्तनेत्रोंवाले गम को न देखती हुई पत्ति के पिना असन्त दुनित (हे भगवन् ) मैं जल्दी यमदेव को देखू ', ' वह भरत का पड़ा भाई गम मुमो जीती हुई नहीं जानता है, वह जानते तो क्या. पृथिवी में ढूंद भाळ न करते ', ' अथवा निःसन्देह मेरे ही शोक से वह वीर लक्ष्मण का बड़ा भाई पृथिवी पर देह को याग कर यहाँ मे देवलोक को चला गया ', ' अथवा क्या मुख में कोई अवगुण है, वा क्या मेरे भाम्प का ही षय होगया, जो कि प्यारी सीता प्यारे राम से नियुक्त है', ' अश्वा दुरात्मा समसेन्द्र रावण ने उन शूरवीर राम मण दोनों भाइयों को पोख से मरवा डाला है', ' जिसको पड़त २ वानर सारी दिशाओं में ढूंढ रहे हैं, बद्द यह ने पाकी है', ' अघ यदि में शोक से नई चेसनावाली इस पतिव्रता को चिन तसल्ली दिये चला जाउंगा, तो मेरा जाना दोषवाला होगा ', ' पेरे वहां चले जाने पर यह यशस्विनी राजपुषी मानकी परित्राण न देखती हुई जीवन को साग देगी ', ' इसी सविशेष यदि में इसे तसल्ली न दे सका, तो बिस्कुल पन्दे। नहीं, कि यह जीवन याग देनी ', ' और राम भी यदि पूडेंगे, सीता ने मुझे क्या कहा, यो में इस सुमध्यमा से मात किये विना उनको क्या उत्तर दंगा ', ' राक्षसियों से यहाँ दूरी पर खड़ा हुआ, इप्स घड़ी मगत हुई को धीरे समष्ठी देता हूँ', ' कैमे पद परे वाक्य को मुने, और हरे नाँ, यह सोचकर पतिमान हनुपान ने या विचार किया ', ' मुखदायी कर्मोंचाळे उसके बन्धु राम का कीर्तन करता हुआ इसको डरने मे बचाऊंगा, क्योंकि इस का चित्त उसी वन्धु में लग रहा ई ', ' मीठी वाणी पाळता हुभा (राम के ) मारे (कार्य) सुनाऊंगा, जिससे सीता विश्वास करेगी वैसे सब कुछ कहूँगा ।। १० ।। सगै १८ (३०३१) हनुमान् का सम के पुण वर्णन इस प्रकार यह महामात अनेक प्रकार की चिन्ता करके सीता को सुनाई देते स्वर में मधुर वाक्य नोळा ', ' इक्ष्वाकुओं का राजा दशरथ नामी रथ हाथी और घोड़ों का स्वामी पुण्यशील, महाकवि महायशादी हुआ है ', ' उसका प्यारा ज्येष्ठ पुत्र मन्द्र तुल्यमुखवाला राम नाम, विशेषज्ञ, सघ धनुष धारियों में श्रेष्ठ', ' ', ' अपने इस की रक्षा करने वाला, अपने जन की रक्षा करने वाला, जीचलोक की रक्षा करने वाला, धर्म की रक्षा करने चाला, और शत्रुओं का रुपानेवाला ', ' वह सची प्रतिज्ञापाले उस वृद्ध पिता के वचन से भार्या और भाई समेत वन को रवाना हुआ ', ' वहां महायन में शिकार खेलते हुए उसने कामरूपी बहुत से शूरवीर राक्षस मारे ', ' जनस्थान का वध और सर दूषण को मरा हुआ सुनकर क्रोध से रावण ने पायाभूग द्वारा बन में राम को उगकर जानकी को दर लिया, वह राम उस मनिन्दिता सीता को ढूंढता हुआ ।। ७,८', ' वन में सुग्रीव नाप वानर को मित्र बनाता मया, दष वह शधुओं के किले जीसने वाला राम मालि को मार कर ']"," वह भरत का पड़ा भाई गम मुमो जीती हुई नहीं जानता है, वह जानते तो क्या. पृथिवी में ढूंद भाळ न करते  अथवा निःसन्देह मेरे ही शोक से वह वीर लक्ष्मण का बड़ा भाई पृथिवी पर देह को याग कर यहाँ मे देवलोक को चला गया  पेरे वहां चले जाने पर यह यशस्विनी राजपुषी मानकी परित्राण न देखती हुई जीवन को साग देगी  इसी सविशेष यदि में इसे तसल्ली न दे सका, तो बिस्कुल पन्दे। नहीं, कि यह जीवन याग देनी  वह सची प्रतिज्ञापाले उस वृद्ध पिता के वचन से भार्या और भाई समेत वन को रवाना हुआ "
8,"[' वानरों का राज्य महात्मा अग्रीय को देता भया, सुग्रीव से आशा दिये हुए, कायरूपी अनेक वानर उस देषी को दूरते हुए सप दिशाओं मैं गये, और मैं सम्पाति के कहने सर्म १५] से मी योजन कम्प्रे ।। १०,११', ' समुद्र को उस विशाल नेत्रोंषाली के हेतु भैग से पार हुआ । जैसी आकृरिवाली, जैसे रङ्गवाली और अस चिन्हानाची ', ' राम से पैने बह सुनी थी, वह यह मैंने पानी , इतना वचन कहकर वह वानरश्रेष्ठ चुप होगया ', ' सीता सनर के वचन को सुनकर सारी दिशाओं पदिषाओं की भोर राष्ट्र शती ई सर्वात्मा से राम को स्मरण करती हुई परम हर्ष को प्राप्त भई ', ' वह घर उधर ऊपर नीचे वक्ष अचिन्त्य धुदिवाळे को देखत्ती हुई उदय होवे हुए सूर्य की तरह स्थित ग्रीव के मन्त्री पवनपुत्र को देखती भई ', ' ,३४) पनुमार का सीता के समीप माना और सौता का सन्देह तच यह उस वृक्ष ये जरूर कर पास श्रामणाम करके पवनपुत्र हनुमान सिर पर हाय बांधकर मधुर वाणी से उस सीता से बोला ', ' राम के सन्देश से हे देवि ! मैं तेरे पास दृत आया हूं, से पैदेहि ! राम कुशल से हैं, और उन्होंने तुझ कुमाक कहा है ', ' जो वेद के जाननेवालों में श्रेष्ठ प्राशन को और वेदों को जानता है रस दाधारथि राय ने हे देवि तुझे कुशल कहा है।', ' और पहातेजस्वी कक्ष्मण जो तेरे पति का प्यारा साथी है उस शोक से सपे हुए ने तुझे अभिवादन किया है', ' वह देवी उन दोनों नरसिहों के कुशल को सुनकर खिले हुए सारे अगोदाली इतुमान से दोकी ', ' हां यह लीज्ञिक कहावत मुझे कल्पाणवालो प्रतीत होती है कि जीते पुरुषको यौ वर्ष के पीछे भी यानन्द माप्त होता है ', ' उन दानों क इस समागम में उन दोनों में बड़ी अद्भुत खुशी उत्पा हुई और बह दोनों आपस में विश्वस्त होकर बातें करते भए ', ' शोक से सपी हुई सीता के वचन को पुनकर पवनपुत्र हनुमान उनके समीप २ होता गया ', '  ७ पर ज्यों २ हनुमान सीता के समीप आता है त्यों २ (रावण से हरी हुई ) सीता उसके रावण होने का संदेह करती है ', ' महो धिक् २जो मैंने इसके साथ बाते की, यए तो वहीं राक्षस ही भेष बदलकर आया है ', ' तव उस महाबाहू ने जनकपुत्री को प्रणाम किया, पर वह भय से डरी हुई फिर उसकी ओर नहीं देखती भई ', ' उसको प्रणाम करता हुआ देखकर चन्द्रमुखी सीता लम्बा सांस भरकर मधुर स्वरपाली, वानर से पहोळी ', ' यदि तू छल करके छलिया राषण फिर मुझे सन्ताप उत्पन्न करता है तो यह अच्छा नहीं ', ' अपने रूप को त्यागकर संन्यासी के रूप में जो मैंने जनस्थान में देखा था, तु यदी (मायावी) रावण है ', ' अपवास से दुर्घल मुझ दीन को हे कामरूप निशाचर तबार वार सपाता है. यह अच्छा नहीं ', ' ऐसी बुद्धि करके वह तनुमध्यया जनकसनया सीता (प्रणाम कर)सर वहीं देती भई ', ' , ३५, ३६ ) हनुमान मोर सीता का सम्बाद। सीता के वचन को सुनकर भयङ्कर पराक्रम वाला इनुपान् हाथ जो हुए माथे पर रखकर यह उत्तर वाक्य बोला ', ' दे देवि ! राघव मुझसे बचन सुनते ही दादर और ऋों की घड़ी सेना केकर जल्दी यहां आएना ', ' तेरे न दीखने के शोक से भरा हुआ राम, हे आ सिंह से पीड़ित हाथी की तरह कहीं चैन नही पाता है ', ' चित्र वेरी और लगे रहने के हेतु राय अपने कारीर से सांस, मच्छर, कीट और सरीपों को नहीं हटाता है ']"," ,३४) पनुमार का सीता के समीप माना और सौता का सन्देह तच यह उस वृक्ष ये जरूर कर पास श्रामणाम करके पवनपुत्र हनुमान सिर पर हाय बांधकर मधुर वाणी से उस सीता से बोला  राम के सन्देश से हे देवि ! मैं तेरे पास दृत आया हूं, से पैदेहि ! राम कुशल से हैं, और उन्होंने तुझ कुमाक कहा है  शोक से सपी हुई सीता के वचन को पुनकर पवनपुत्र हनुमान उनके समीप २ होता गया  तव उस महाबाहू ने जनकपुत्री को प्रणाम किया, पर वह भय से डरी हुई फिर उसकी ओर नहीं देखती भई  , ३५, ३६ ) हनुमान मोर सीता का सम्बाद। सीता के वचन को सुनकर भयङ्कर पराक्रम वाला इनुपान् हाथ जो हुए माथे पर रखकर यह उत्तर वाक्य बोला "
9,"[' राम सदा चिन्तापरायण है, सदा शोकपरायण है, काम के वश पड़ा हुआ यह कुछ और नहीं सोचता है 114', ' राम लगातार अनिद्र रहता है, और सोश हुआ भी बद्द नरोत्तम ""सीता चद्द मधुर वाणी वोलता दृश्रा जाग उठता है ', ' फल वा पुष्प चा और जो कुछ नियों को प्रिय है उसे देखकर अनेकवार "" प्यारी"" ऐमी आहे भरता दृश्रा छोळया ', ' पूर्णचन्द्रतुल्य मुखबाली मीता यह वचन सुनकर हनुमान से धर्म अर्थ युक्त वचन बोली ', ' हे धानर विप मिला अमृत तूने कहा है, कि राम का मन किसी दूसरी ओर नहीं, (यह अमृत).मुन्दर काय भौर कि शोकपरायण है (यह विष है ) ', ' वढ़े यश में वा दारुण विपढ़ में देव पुरुष को मानों रस्सी बांधकर खींचता है ', ' देव निःसन्देह रोका नहीं जासक्ता, राम लक्ष्मण और मुझको विपत्तियों से मोहित हुआ देख ', ' राक्षसों को वध करके गवण को मारकर, और ला को उलट पलट करके कर मुझे पाते देखगा ', ' उन्हें कहना जल्दी करो, जब तक यह वर्ष पूरा नहीं होता है, तब तक ही मेरा जीवन वै ', 'ो वानर यह दसवा महीना है, दो महीना शेष है, जो दुर्जन रावण ने मेरे लिये सकेत किया है, (इसके पछि मार डालेगा) ', ' उसके भाई विभीषण ने मेरे कापिस देने के लिये बहुत यत्न किया, पर रावण यह बुद्धि नहीं करता है ', ' हे वानर स्वपं अपनी माता से भेजी हुई विभीषण की बड़ी कन्या कला ने यह मुझे बतलाया था ', ' ऐ धानर श्रेष्ट मुझे आशा है मुझे पति जल्दी माप्त होगा, क्योंकि पेरा अनवरात्मा शुद्ध है, और राम में बहुत से गुण हैं ', 'हे वानर राम में उत्साह है, पौरूप, हृदय, दया, कृतममा, पराक्रम और प्रभाव है ', ' जिसने मनस्थान में बिना भाई के चौदह सदस्य गक्षसों को मारा, कौन उससे शत्रु नहीं कांपता है ', ' ऐसे कहती हुई राम के लिए शोक से दुर्बल हुई सीता का मुख बांसुओं से भर गया, यह देख हनुमान् पोला ।। २०', ' अथवा मैं ही राक्षसों से प्रांम हुए दुमत से तो सभी छुड़ाता है, हे अनिन्दिते मेरी पीठ पर सवार हो', ' भानकी वानरश्रेष्ठ से अद्भुत वचन सुनकर इर्ष से पुलाकित सारे अगली इनुपान से बोली ।। १२ । हे वानरोचम मैं पति की पति का आदर करके राम के बिना किसी के शरीर को स्वतः स्पर्श करना नहीं चाहती ', ' जो में बल से रावण के अर स्पर्श को प्राप्त हुई हूँ (हरने के समय ) उसमें में असमर्थ, अनाथ बेपसाई क्या करती ', ' याद राम राक्षसों सहित रावण को मारकर मुझे यहाँ से लेजाए, तो वह उसके सहया हो ', ' -४०) सीता फे राम को लन्देश यह सुनकर उस बात ये सन्तुष्ट हुआ वाक्य निपुण वानर श्रेष्ठ सीता से यह वाक्य पोका ।। १', ' हे शुभदर्शने देवि तूने यो .स्वभाव के और पतित्रताओं के वृत्त के ठीक सा कहा है ', ' हे देवि यह तेरा उस महात्मा की पत्नी होने के सटमा वचन है,कौन तेरे बिना हे देवि ऐसा वचन का सकी है३', ' राम मुझसे यह सब पूरा २ सुनेंगे, अब मुझे कोई आभिज्ञान दे, जिसको राम पहचान लें या तब वस्त्र के नीचे से सुन्दर दिव्य चूड़ामणि (शिरोमणि) खोलकर ""यह राम को देना"" ऐसा करती हुई सीता ने हनुमान को दिया ।। ५', ' मणि देकर तब सीता इतुमान से बोली, यह अभिज्ञान राम का पूरी तरह जाना हुआ है ']"," देव निःसन्देह रोका नहीं जासक्ता, राम लक्ष्मण और मुझको विपत्तियों से मोहित हुआ देख  उसके भाई विभीषण ने मेरे कापिस देने के लिये बहुत यत्न किया, पर रावण यह बुद्धि नहीं करता है  -४०) सीता फे राम को लन्देश यह सुनकर उस बात ये सन्तुष्ट हुआ वाक्य निपुण वानर श्रेष्ठ सीता से यह वाक्य पोका ।। १ हे देवि यह तेरा उस महात्मा की पत्नी होने के सटमा वचन है,कौन तेरे बिना हे देवि ऐसा वचन का सकी है३ राम मुझसे यह सब पूरा २ सुनेंगे, अब मुझे कोई आभिज्ञान दे, जिसको राम पहचान लें या तब वस्त्र के नीचे से सुन्दर दिव्य चूड़ामणि (शिरोमणि) खोलकर ""यह राम को देना"" ऐसा करती हुई सीता ने हनुमान को दिया ।। ५"
10,"[' मणि को देख करके राम तीनों को स्मरण करेंगे, मेरी माता को, मुझको और दशरथ को ', ' अब फिर दू उत्साह से प्रेरा दुधा हे वानरश्रेष्ठ इस कार्योत्सा में जो आगे करना है सोच ', ' भीमपराक्रमाला पवनपुत्र तथास्तु यह प्रतिक्षा करके सिर से वैदेदी को प्रणाम करके जाने को तय्यार हुआ ', ' पवनपुत्र बानर को मस्थित होता जानकर आँसुओं से मदद चाणी से देवी पैथिली वाक्य बोकी ', ' हे हनुमन् राम लक्ष्मण को, और पन्त्रियों समेत पुग्रीव को सारों को कुशल कहना ', ' और जेसे यह महायाह राम इस दुखि समुद्र से मुझे पार करे, वैसा ठीक २ करना ', ' यह मेरा सीत्र शोक का वेग, इन राक्षसों से झिड़कें यह सम के समीप जाकर कहो, हे मानरश्रेष्ठ तेरा मार्ग शुभ हो ', ' व० ४१-४५) हनुमान का अशोक रमिका को स्थापना भोर फिकरों से युद्ध * जानेलगा वह वानर सीता से पयास्त वाणियों द्वारा पूजित किया हुआ उसदेया से दूर हटकर सोचने लगा ', ' यह कार्य अब थाहा मा गया है, इस काळे नेनोंवाली को देख लिया है (अर्थात य६ प्रधान कार्य तो शेगया है, अब पाहु का बल देखना यद्द गौण कार्य शेष है) इसमें (साम, दाम, भेद) इन सीन उपायों को उठांधकर चौथा ( द६ रूप ) उपाय दीखता है ', ' जो मुख्य कार्य को करके उसके अविरोधी और भी बहुत से कार्यों को करले,वह कार्य करने के योग्य हुआ(कायों को) करता है', ' जगत् में छोटे से भी कार्य का पुरुष अकेला कारण साधन नहीं होता, जो अपने प्रयोजन को अनेक प्रकार से (साधना ) मानता है, वह कार्य साधन में समर्थ होता है ', ' कैसे अब आसान हो, कि राक्षसों के साथ मबल युद्ध हो, ताकि रावण रण में अपने सारवाले बल को मेरे मुकाविढे में लाए ', ' सो यह इस निर्दय का नन्दन तुल्य वगीचा जो नेत्र और मन को प्यारा, नाना ( लताओं से युक्त) है ', ' इसको विध्वंस करूंगा, जैसे सूखे धन को शामि, इसके नष्ट होने पर रावण कोष करेगा ।। ७', ' तब हनुमान ने उस प्रमदाधन को तोड़ना आरम्भ किया, जिसमें मस्त पंछी बोल रहे थे, और अनेक वेळ यूटों से युक्त था', ' तब वह वन वनानि से नष्ट हुए की तरह शोभावाला न रहा, वृक्षों के टूटने से लें, व्याकुळ स्त्रियों की. तरह व्याकुल होकर गिरी ', ' तव विकृत सुखों पाली * यहां से भागे जो हनुमान के साथ युर दिखलाया है, उसमें अत्युक्ति अवश्य है। सम्भव है, कि हनुमान ने राक्षसों से इन्दयुत मांगा हो। इन युद्ध में एक के सामने एक ही खड़ा होता था, उसके हार जाने पर दूसरा सामने होसका था । रामसियें रावण के पास जाकर एक अयङ्कार विरुप चानर का आना उसे पतलाती भैई ।। २.० ', ' हे राजन् ! अशोक वानिका के मध्य में भयङ्कर, अपरिचित पराक्रमवाला धानर खड़ा है, जिसने सीता से बात चीत की है ', ' उस क्रूर रूपवाले को क्रूर दण्ट की आप आज्ञा देने योग्य हैं, जिसने सीता से सम्भापण किया और धन को नाश किया है ', ' राक्षसियों के वचन को सुनकर राक्षसेश्वर गवण ने क्रोध से नेत्र पलटे और चिताग्नि की तरह जलने लगा ', ' उस शुद्ध हए के नेत्रों से जलते हुए दीपों से पिनगारियोषाली तेल की बूंदों की तरह आंसुओं की बूदें गिरी ', ' वह बाहर की डेउद्दी पर खड़े हुए उस वानर के पास पहुंचकर इसतरह उस पर टूट पड़े,भिसवरह पतिङ्गे आदि पर ', ' मुद्दर पट्टिा ,शूल और तोमर हाथों में लिए वह राक्षस सहसा हनुमान को घरकर उसके आगे खड़े होगए ', ' उन शूरवीरों से चारों ओर से पिरे हुए उस महाबली ने वाइरीद्वार के पास स्थित लोहे का एक परिष (मूल) उठा लिया ', ' पवनपुत्र वीर उन किंकरों को मार कर वह महावीर युद्ध चाहता हुआ देउदी पर स्थित रहा ']"," और जेसे यह महायाह राम इस दुखि समुद्र से मुझे पार करे, वैसा ठीक २ करना  यह मेरा सीत्र शोक का वेग, इन राक्षसों से झिड़कें यह सम के समीप जाकर कहो, हे मानरश्रेष्ठ तेरा मार्ग शुभ हो  तब हनुमान ने उस प्रमदाधन को तोड़ना आरम्भ किया, जिसमें मस्त पंछी बोल रहे थे, और अनेक वेळ यूटों से युक्त था तव विकृत सुखों पाली * यहां से भागे जो हनुमान के साथ युर दिखलाया है, उसमें अत्युक्ति अवश्य है। सम्भव है, कि हनुमान ने राक्षसों से इन्दयुत मांगा हो। इन युद्ध में एक के सामने एक ही खड़ा होता था, उसके हार जाने पर दूसरा सामने होसका था । रामसियें रावण के पास जाकर एक अयङ्कार विरुप चानर का आना उसे पतलाती भैई ।। २.०  पवनपुत्र वीर उन किंकरों को मार कर वह महावीर युद्ध चाहता हुआ देउदी पर स्थित रहा "
11,"[' सब उस भय से टूटे कई राक्षस सारे किंकरों का मरना रावण को आकर निवेदन करते भए ', ' सौ २५ (व०४०-४७) युर में जम्बुमाकी, सात मन्त्री सुतों, पांच सेगा पतियों, और कुमार माह का हनुमान से बध । तब राक्षसेन्द्र से आज्ञा दिया हुआ, महस्त का पुत्र बड़ी रानवाला धनुर्धारी चली जम्बुमाली निकला ', ' खच्चरों से धुक्त रथ पर चढ़कर उसे आया देख पेग से भरा हुआ हनुमान प्रसन्न हुभा और गर्जा ', ' तब डेउढ़ी के पिट पर स्थित सस महाचानर को महातेजस्वी जम्बूमाली ने तीक्ष्ण तारों से घि दिया ', ' तब वह तीरों से भरे शरीरबाला, घड़े कोष से भरा हुआ अती मूसल को उठाकर देग से घुमाता भया ', ' बड़े वेगवाले जस मबल बानर ने घुपाकर उस मूसल को जम्यूमाली की छाती पर मारा ', ' वेग से ताड़ना किया हुआ वह महारथी जम्बूपाली अङ्गों के चूर २ होजाने से वृक्ष की तरह भूमि पर गिरा ।। ६ ।। जम्बूमाली और महावली किंकरों को हत हुआ पून कर रावण क्रोध से भरगया, और उनके नेश लाल होगये।', ' सब उस राक्षसेन्द्र से परे हुए अनितुल्प कान्तिवाले सात मन्धीपुत्र अस भवन से निकले ', ' पद्द भयकर नाद करके उस सेना को डराता भया, और वह वीर्यवान् उन राक्षसों में वेग करता मया ', ' तव उनके मरने और भूमि पर गिरने पर भय से पीडितबह सारी सेना दों दिशाओं में भाग गई।', ' महात्मा पानर से पंधीमुत्तों का मरना सुनकर रावण ने विरूपाक्ष, यूपाक्ष, दुर्ष,प्रघस, और भासकर्ण इन नीति निपुण सेनापतियों को आशा दी ', ' तब वह बीर वानर सन सेनापत्तियों को सेना और चाइनों समेत मारकर मजा के नाश में काल की तरह देखड़ी पर उत्सव मनावा भया ।।२३।। उन पांच सेनापतियों को अनुघरों और वाहनों समेत मारा गया सुनकर राजा ने युद्ध के लिये तय्यार सामने खड़े हुए कुमार अक्ष को आज्ञा दी ', ' वा समर्ण के हार माहुरन्द और कुण्डलों वाला, तीव पराक्रमबालाानर के पास पहुंचा, उन दोनों का समागम अतुछ हुआ नो देव दलों को भी भय-पदशा ', ' पितृ तुल्य पराक्रम वाले उस वानर ने उमको धिकर और जैसे गरुड़ बहे सर्प को उठाता है, इस तरह उठाकर बेग से पृथिवी पर पटका ', ' उसकी भुजा, राने, कमर और छाती टूट गई, रुधिर बहने लगा, दलियां चूर २ होगई जोड़ और बन्धन टूट गये, ऐसा उस पवनपुत्र ने राक्षस को शयिती पर मार पटका ।। १७ ।। मग २५ (प०४८-४२ ) मेघनाद से युद्ध हनुमान का बन्धना और रावण के दर्शन जय हनुमान ने कुमार अक्ष को मार दिया, तब महात्मा राक्षसपति ने मन को एकाग्र करके देवतुल्य इन्द्रजित (मेघनाद) को आज्ञा दी ।। १', ' तब अपने प्यारे गों से पृजित हुमा इन्द्रभित युद्ध में उद्धृत और उत्साहित होकर संग्राम को चला ', ' पद्मतुल्प विशाल नेत्रोंशाला, राक्षसाधिपति महातवा श्री मान पर्व में समुद्र की तरह बाहर निकाला ', ' रथ पर चढ़कर आते हुए पूर्ण इन्द्र ध्वजवाले को देखकर वानर महानाद करता हुआ गर्मा, और फूल गया', ' यह अवध्य है एमा जानकर अस्त्र के जानने पाले इन्द्रजित् ने उस महापाड पवनपुत्र को (ब्रह्म) अस से बांधा ', ' तच राक्षस द्वारा उस अस्त्र से बांधा हुआ वानर निश्चष्ट होगया, और पृथिवी पर गिर पड़ा ', '', 'तष शत्रुओं के दमन करनेवाले को निश्चेष्ट देखकर बढ़ राक्षस उसे सन की रस्सियों से और वृक्षों की छालों से बांधते थए ', ' मत्त हाथी की, तरह रद्ध उस वानरवर को राक्षस राक्षसेन्द्र रावण के पास ले गए ', ' इतुमान् ने गर्वित अति तेजस्वी राक्षसपत्ति को देखा, जिसके चारों ओर चार राक्षस (मुरूप मन्त्री) वैठे हैं ।। १०', ' तेज से भलते हुए उस राक्षस को देखकर उसके तेज से मोहित हुए हनुमान ने मन में सोचा ।। ११']"," वेग से ताड़ना किया हुआ वह महारथी जम्बूपाली अङ्गों के चूर २ होजाने से वृक्ष की तरह भूमि पर गिरा ।। ६ ।। जम्बूमाली और महावली किंकरों को हत हुआ पून कर रावण क्रोध से भरगया, और उनके नेश लाल होगये। तब वह बीर वानर सन सेनापत्तियों को सेना और चाइनों समेत मारकर मजा के नाश में काल की तरह देखड़ी पर उत्सव मनावा भया ।।२३।। उन पांच सेनापतियों को अनुघरों और वाहनों समेत मारा गया सुनकर राजा ने युद्ध के लिये तय्यार सामने खड़े हुए कुमार अक्ष को आज्ञा दी  उसकी भुजा, राने, कमर और छाती टूट गई, रुधिर बहने लगा, दलियां चूर २ होगई जोड़ और बन्धन टूट गये, ऐसा उस पवनपुत्र ने राक्षस को शयिती पर मार पटका ।। १७ ।। मग २५ (प०४८-४२ ) मेघनाद से युद्ध हनुमान का बन्धना और रावण के दर्शन जय हनुमान ने कुमार अक्ष को मार दिया, तब महात्मा राक्षसपति ने मन को एकाग्र करके देवतुल्य इन्द्रजित (मेघनाद) को आज्ञा दी ।। १ रथ पर चढ़कर आते हुए पूर्ण इन्द्र ध्वजवाले को देखकर वानर महानाद करता हुआ गर्मा, और फूल गया तच राक्षस द्वारा उस अस्त्र से बांधा हुआ वानर निश्चष्ट होगया, और पृथिवी पर गिर पड़ा "
12,"[' अहो रूप अहो धैर्य अहो दिलेरी, अहो तेज, अहो राक्षसराज का सब लक्षणों सेभई २६]  युक्त होना ', ' यदि इसमें अधर्म प्रयास न हो, तो यह राक्षसपति इन्द्र सहित सुरलोक का भी राजा होने योम्प है', ' किंतु इसके लोकनिन्दिन निर्दय क्रूर कयों के हेतु इससे देव दानवों पवित्त सारे लोक कांप रहे हैं ', ' सच र कहदे, तुझे भयमत हो, हे वानर तू छोड़ दिया जायणा ', ' उस महा हृदय वाले रावण को देखकर महान हृदय वाला धानरश्रेष्ठ सावधान हो अर्थ युक्त वाक्य घोला ', ' में सुग्रीव के सन्देश से यहां तेरे पास आया हूं, हे राक्षसपति तेरे भाई पानर पति ने तुझे कुमाल कहा है ', ' अपने भाई महात्मा मुग्रीव के सन्देश को मुनिये,जो धर्म अर्थ से युक्त इस लोक परलोक की भलाई का बचन. ', ' आप अर्थ के तत्व को जानते हैं, तप से आपके पास सव ऐश्वर्य है, हे महामाज्ञ आपको परस्त्री नहीं रोकनी चाहिये । ', ' आप जैसे बुद्धिमान, धर्म विरुद्ध अनर्थ काने वाले जह अखाड़ने षाले कमों में नहीं फंमते हैं, ', ' लक्ष्मण से छोड़े हुए राम के क्रोध के अनुसारी बाणों के भागे देव और दैत्यों में से भी कौन ठहरसक्ता है ', 'हे राजन् तीनों कोकों में कोई भी ऐसा नहीं है, जो राम का अपराध करके मुख पाए ', ' सो तीनों काल में हितकारी धाव युक्त वचन को मानिये, जानकी नरश्रेष्ठ को वापिस दीजिये ', ' जन स्थान का वध तथा पाली का वध जानकर और राम सुग्रीव की मित्रता जानकर अपना हित समझ ', ' संग२७०५२,५३)हनुमाह की पूछ को आग लगाकर लंकामें घुमाना * महात्मा वानर के वचन को सुनकर क्रोध से मूछिताए रावण ने उसके वध की आजादी', 'शापर विभीषण ने इस में अनुमान . * यहाँसे आग लंका दाह का ओ प्रकरण है, इसमें बहुत ही भत्युकि प्रतीत होती है। यह मसभाक्तिी , कि प्रयल राक्षसों की राजधानी में अफेला हनुमान लोगों के घरों में फिर २ कर समको जलाता फिरे,और पकड़ा न जाए । विच बनुमान ने जो उसके प्रबल थोशामों का पता लगामा माहा था, अब इन्द्र गुग से मिस नहीं दी, क्योंकि (हनुमान् ) अपना दूत होना बतला चुका था ', '(उसने कहा ) इम वानर को मारना हे राजन् ! यह धर्मविरुद्ध है, छोक बर्ताव से निन्दित है, और तेरे असहमा है।', ' भला चाहे बुरा यह दूसरों से हमें सौंपा गया है, दूसरों के लिये कहता हुआ पराधीन दूत वध के योग्य नहीं होता है ।। ४ ', 'उस महात्मा के बचन को सुनकर रावण भाई को देश काल के योग्य उत्तर वाक्य बोला ', ' आपने ठीक कहा है, दूत का मारना निन्दितही है, अवश्यं इसके वध के स्थान कोई और दण्ड देना चाहिये ', ' पूछ बानरों का प्यारा भूषण होता है, वह इसकी जल्दी प्रदीप्त करो सच यह उस जली हुई के साथ जाए ', ' तब अंगकी विरूपता से दुर्वक दीन हुए इसको इसके मित्र ज्ञाति वान्धव और मुहृदू जन देखेंगे ', "" उसके वचन को सुनकर क्रोध से प्रचण्ड राक्षस पुराने चुफा था। अब इसकी भी मावश्यकता म थी । हनुमान चामर न था, किन्तु दूसरी जातियों के मुकाबिले में यह उस जाति का नाम या। इसलिये पूंछ का होना ही असंभव है, क्या फिर उसको आग लगाना । संभव यह है, कि रावण ने दूत होने से घजुमार को माय जान फर छोड़ दिया,पर जो हनुमान ने वानरराज सुग्रीव की चढ़ाई की धमकी दी थी, उसके बदले में हनुमान के सन्मुच वानर की पूंछ बनाकर जलाई गई, और इस तरह पर उस वानर जाति पर उपहास किया गया । जैसर कि अब रूस की आकति रीछ बनाते हैं। हनुमान जब जेला भया, तो उसने इस जात्यपमान का बदला यह लिया, कि वानर की पूंछ से ही थे मालूम किले को भागे लगाई; यह जितलाते हुए कि बानर की पंछ हो' तुम्हारे किलों को भस्मसात् करेगी । यह अभिप्राय इतने बड़े मलकार में प्रकट किया है । वस्तुतः न हनुमान की पूंछ थी, न इससे एम २ कर एफ २ घर जलाया, किन्तु एक ही जगह भाग लगाई उस माग से पचन द्वारा फैलकर बहुत बड़ी हानि हुई।मुन्दर का कपासी कपड़ों से उसकी पूंछ को लपेटते भए "", ' तेल से तर करके उसमें आग लगाते भए, ऐसा करके स्त्री, पाल, मूड़े सब निशाचर मीति को माप्त हुए ।', ' तब गूढ अभिप्राय वाले बड़े दिलवाले, उस महाबानर वानरश्रेष्ठ को पकड़कर राक्षस बहुत हर्षित हुए चले ', ' शंख और भेरी की ध्वनियों के साथ उसके कर्म (राज द्रोह ) का दिदोरा देते हुए क्रूरकर्मा राक्षस बसे लङ्का पुरी में घुपाते भए ']"," उस महा हृदय वाले रावण को देखकर महान हृदय वाला धानरश्रेष्ठ सावधान हो अर्थ युक्त वाक्य घोला  संग२७०५२,५३)हनुमाह की पूछ को आग लगाकर लंकामें घुमाना * महात्मा वानर के वचन को सुनकर क्रोध से मूछिताए रावण ने उसके वध की आजादीशापर विभीषण ने इस में अनुमान . * यहाँसे आग लंका दाह का ओ प्रकरण है, इसमें बहुत ही भत्युकि प्रतीत होती है। यह मसभाक्तिी , कि प्रयल राक्षसों की राजधानी में अफेला हनुमान लोगों के घरों में फिर २ कर समको जलाता फिरे,और पकड़ा न जाए । विच बनुमान ने जो उसके प्रबल थोशामों का पता लगामा माहा था, अब इन्द्र गुग से मिस नहीं दी, क्योंकि (हनुमान् ) अपना दूत होना बतला चुका था  पूछ बानरों का प्यारा भूषण होता है, वह इसकी जल्दी प्रदीप्त करो सच यह उस जली हुई के साथ जाए  उसके वचन को सुनकर क्रोध से प्रचण्ड राक्षस पुराने चुफा था। अब इसकी भी मावश्यकता म थी । हनुमान चामर न था, किन्तु दूसरी जातियों के मुकाबिले में यह उस जाति का नाम या। इसलिये पूंछ का होना ही असंभव है, क्या फिर उसको आग लगाना । संभव यह है, कि रावण ने दूत होने से घजुमार को माय जान फर छोड़ दिया,पर जो हनुमान ने वानरराज सुग्रीव की चढ़ाई की धमकी दी थी, उसके बदले में हनुमान के सन्मुच वानर की पूंछ बनाकर जलाई गई, और इस तरह पर उस वानर जाति पर उपहास किया गया । जैसर कि अब रूस की आकति रीछ बनाते हैं। हनुमान जब जेला भया, तो उसने इस जात्यपमान का बदला यह लिया, कि वानर की पूंछ से ही थे मालूम किले को भागे लगाई; यह जितलाते हुए कि बानर की पंछ हो' तुम्हारे किलों को भस्मसात् करेगी । यह अभिप्राय इतने बड़े मलकार में प्रकट किया है । वस्तुतः न हनुमान की पूंछ थी, न इससे एम २ कर एफ २ घर जलाया, किन्तु एक ही जगह भाग लगाई उस माग से पचन द्वारा फैलकर बहुत बड़ी हानि हुई।मुन्दर का कपासी कपड़ों से उसकी पूंछ को लपेटते भए "
13,"[' तब वह वेगवान् महापाना बन फांसों को काटकर, वेग से उछलकर निकल गया, और सिंहनाद करता भया ', ' राव पर्वतश्रृङ्ग की तरह ऊंचे पुरद्वार को देखते हुए उस श्रीपान ने बाहर के द्वार पर मूसल देखा ', ' काले लोहे मे सजे हुए उसको पकड़कर उस पवनपुत्र ने फिर बन सारे रखवालों को मारा ', ' ) कका दाह। - वानर का मनोर्थ पूरा हुआ, उपने लङ्का की ओर देखा, उसका उत्साह बढ़ गया और जमने कार्यशेप का विचार किया ', ' अब क्या करना मुझे वाकी है, जो इन राक्षों को फिर सन्तापजनक हो ', ' बगीचा विनाश किया, उत्तम राक्षस मारे, थोड़ी सी सेना भी मारी, अव किले (लखा) का नाश करना शेष है ', ' यह सोच जलती हुई पुशवाला विजलीवाले मेघके तुल्य बह महावानर लङ्कर के भवनों की चोटियों पर मा४', ' राक्षसों के घर से घर और घरों के बगीचों को देखता हुआ यह बानर निडर हो पालों पर घूमा ', ' घूमते हुए महातेजस्वी पानरश्रेष्ठ में विपीपण के घर को छोड़कर अपने मव दाह कर दिये ', ' पहायशस्वी वानरश्रेष्ठ ने उन २ यहा घरों में ऐश्वर्यबालों के ऐश्वर्य को दाह किया ', ' तद बद्द वीयवान सब के घरों को उलांध कर राक्षसन्द्र रावण के पहल पर पहुंचा, तब नाना रवों से भूषित मेरु मन्दर के तुल्य, नाना मङ्गलों से शोभित, उस मुख्पगृह मेंसन १९)  ', ' पुरु के अन पर स्थित जलती जूई अग्नि को छाहकर वार हनुमान प्रलय के मेघ की तरह गर्जा ', ' पश्न ने इस प्रदीप्त अग्नि को उन मन्दरों में फैला दिया, वह मनहरी जालियों बाळ मोती मणियों से युक्त ', ' नोवाके बड़े भवन विनादा होगये, अटारिये टूट २ कर पृथिवी तळपर गिर पड़ीं ', ' राक्षसों का तुमठ शब्द उत्पन्न हुआ, जो अपने २ घर के बचाव में दौड़ रहे थे, पर उत्माइ टूटे हुए और शोभा से हीन हुए थे ', ' वेगवाले वानर महात्मा हनुमान ने यह लका पुर दग्ध किया, जैसे रुद्र ने त्रिपुर दग्ध किया था ! १४ ', ' बह महातेजस्वी बन को तोड़कर युद्ध में राक्षसों को मारकर भयंकर कंकापुरी को दग्धकर शोभायमान हुबा ', ' सारी लंका को पीड़ित करके उस वानरश्रेष्ठ ने पूंछ के अग्नि की समुद्र में जाकर बुझायः ', ' व०५७) हनुमान का जाम्यवान आदि के पास वापिसजामा बहे नाद से गर्जना हुआ मेघ की ध्वनि तुल्य ध्वनि डाला वह पहातेजस्वी प्रवर राक्षसों को मारकर अपना नाम विख्यात करके, नगरी को व्याकुल करके, रावण को तग करके, बड़े वीरों को पीड़ित करके, और सीता को अभिवादन करके फिर समुद्र . के मध्य से पर्वतेन्द्र मैनाक को छूकर आया ', ' क्या से छूटे हुए वीर की तरह बड़े वेग से आया, वह मुहदों के देखने की कालसा वाला जसी स्थान पर आपईचा ', ' तब सस गर्जते हुए की ध्वनि को सुनकर वह पानर चारों ओर से सब अपने सुहृद् के देखने की इच्छा पाले हुए ', ' घानरश्रेष्ठ ाम्यवान् अतीव मसम्म हुभा उन सब वानरों को बुलाकर यह वचन बोला ', ' हनुमान् सर्वथा कृतकार्य होकर आया है, इसमें संधाय नहीं, कार्य को किये बिना उसकी ऐमी गर्ज नहीं होसक्ती ।। प्रसन हुए सपी वानर हनुमान को देखन की इच्छा से पर्वत की ऊंचाई से दूसरी ऊंचाई पर और चोटी से दूसरी चोटी पर पहुंचे ', ' तब वह प्रसन्न मन हुए सभी वादाश्रेष्ठ महात्मा हुनुपान को घेर कर चारों ओर बैठ गये ', ' फल मूल की में लिये यह वानर वानरश्रेष्ठ पवनपुत्र को पूजने थए ।']"," यह सोच जलती हुई पुशवाला विजलीवाले मेघके तुल्य बह महावानर लङ्कर के भवनों की चोटियों पर मा४ राक्षसों के घर से घर और घरों के बगीचों को देखता हुआ यह बानर निडर हो पालों पर घूमा  घूमते हुए महातेजस्वी पानरश्रेष्ठ में विपीपण के घर को छोड़कर अपने मव दाह कर दिये  व०५७) हनुमान का जाम्यवान आदि के पास वापिसजामा बहे नाद से गर्जना हुआ मेघ की ध्वनि तुल्य ध्वनि डाला वह पहातेजस्वी प्रवर राक्षसों को मारकर अपना नाम विख्यात करके, नगरी को व्याकुल करके, रावण को तग करके, बड़े वीरों को पीड़ित करके, और सीता को अभिवादन करके फिर समुद्र . के मध्य से पर्वतेन्द्र मैनाक को छूकर आया  तब वह प्रसन्न मन हुए सभी वादाश्रेष्ठ महात्मा हुनुपान को घेर कर चारों ओर बैठ गये "
14,"[' इनुमान ने जाम्बचान आदि दृद्धों को और कुमार अङ्गद को प्रणाम किया ', '  आदरणीय पराक्रमी उन दोनों (अद्रद, जाम्बवान) से आहत हुआ और वानरों से प्रसन्न किया हुआ सीता दर्शन की सारी कथा संक्षेष से सुनाता मया ', ' तव ""देखी है"" इस अमृत तुस्प चढ़े अर्थवाले बचन को सुनकर सारे वानर प्रसन्न हुए ', ' - सौ ३० (२०६१,१५)हनुमान का राम के पास आफर सीता का संदेश देना। भीतिवाछे हुए तप सब पानरश्रेष्ठ हनुमान को आगे करके महेन्द्र की चोटी से उछलकर छलांगें मारते गए ', ' सप के सब राम का (रावण मे) बदला लेने में निश्चित मनवाले मनस्वी, - अनेक प्रक्षों से पूर्ण नन्दन तुल्प वन (चगीचे) में भापहुंच ', ' को मधुवन नामी पगीचा सुग्रीच का रक्षित या, और (मुग्रीव के मामा) महावीर दधिमुख वानर से पालित था ।। ३', ' वहां कुमार (अगद)ने जाम्यवान आदि पूज्य घानरों को आदर पूर्वक मद्दोंे खाने की आज्ञा दी ', ' वह सुगन्धित मूल फलों को भक्षण करते हुए मस्त हुए परम हर्ष को माप्त भए ', ' तब उन्होंने विचित्र पनों वाले पलवण पर्वत पर पहुंचकर महाबली राम और लक्ष्मण को सिर से प्रणाम करके ', ' और युवराज अङ्गद को भागे करके सुग्रीव का अभिवादन कर सीता का समाचार कहना प्रारम्भ किया ', ' दिव्य मुनहरी मार्ग जो अपने तेम से दीप्त होरही थी, यह राम को दे करके हनुमान् हाप जोड़कर कहने लगा', 'सौ योजन लम्बे समुद्र को लंघकर देखने की इच्छा से आनकी सीता को ढूंढता हुआ गया ', ' यहाँ दुरामा रावण की नगरी लया है, जो दक्षिण समुद्र के दक्षिण तीर पर बसी ', ' वहां रावण के अन्तापुर में मैंने रमणी सती सीता तुझ में अपने मनोरथ को धारकर जीती हुई देखी है ', ' राक्षसियों के मध्य में घार २ झिड़की जाती हुई देखी है, भूमि पर लेटी हुई जाड़े के आने पर पद्मिनी की तरह मुरशाए बवाली ', ' रावण से अपने सतीत्व को बचाती हुई उसे मैंने हे नरश्रेष्ठ धीरे २ तसाली दी ', ' सब मैंने देवी से सम्भाषण किया, और सारी बातें सुनाई, बह राम सुग्रीव की मैत्री . को मुनकर दर्ष को प्राप्त भई ', ' सदा तेरे नाम का जप करती है उसकी भक्ति सदा तुझ में है, इस प्रकार हे महाभाग यह जनकनन्दिनी मैंने देखी है ', ' मुझे जानकी ने फिर कहा, हे नायु सुत जैसा देखा है, वह सब राय को कहना ', ' यह शोभा बाली समुद्रिय माण उसने दी है, हे निष्पाप ! तेरे दर्शन के तुल्य इस (आपकी दी मणि) के दर्शन करके दुःख में आनन्द मनाऊंगी', ' है दवारय सुत मैं (वर्तमान दावें महीने के पीछे) महीना भर और नीवन धारण करूंगी, महीने के पीछे राक्षसों के बस में पड़ी जीती नहीं७०.६  रहूंगी ', ' हनुमान से ऐसे कहा हुआ, दशरथमृत उस माणि को हृदय पर रखकर लक्ष्मण समेत पहुत रोया ', ' उस मणिश्रेष्ठ को देखकर शोक से दुर्वक राम आंसू भरे नेत्रों से सुग्रीव से यह बोला ', ' जो कपिलाधेनु वछहे के आने से तह से दूध उतारती है, इसी तरह इस मणि श्रेष्ठ के देखने से मेरे हृदय पिघल आया है ', ' यह मणिरव विधाह के समय मेरे श्वसुर ने सीता को दिया था, जोकि सिर पर बांधा हुमा आषेक बोभायमान हुभा ']"," तब उन्होंने विचित्र पनों वाले पलवण पर्वत पर पहुंचकर महाबली राम और लक्ष्मण को सिर से प्रणाम करके  और युवराज अङ्गद को भागे करके सुग्रीव का अभिवादन कर सीता का समाचार कहना प्रारम्भ किया  दिव्य मुनहरी मार्ग जो अपने तेम से दीप्त होरही थी, यह राम को दे करके हनुमान् हाप जोड़कर कहने लगा यह शोभा बाली समुद्रिय माण उसने दी है, हे निष्पाप ! तेरे दर्शन के तुल्य इस (आपकी दी मणि) के दर्शन करके दुःख में आनन्द मनाऊंगी हनुमान से ऐसे कहा हुआ, दशरथमृत उस माणि को हृदय पर रखकर लक्ष्मण समेत पहुत रोया "
15,"[' इस से बढ़कर क्या दु:ख होगा, जबकि इस समुद्रिय माण को सीता के बिना माया देखता है ', ' सीता चिर जिपेगी, यदि महीना जीती रहेगी, हे और मैं उस काले नेत्रावाली के बिना क्षण भी नहीं-जिउंगा ', ' मुझे भी उसी जगह के चल जहां मेरी प्यारी देखी है, उसका समाचार पाकर मैं क्षण भी नहीं ठहर सक्ता हूँ ', ' कैसे वह सुन्दर कमरचाली मेरी पतिव्रता अतीव भीरु भयङ्कर घोर राक्षसियों के मध्य में रहती है ', ' इति श्रीमद्वारमीकि रामायणे पुन्दरकाण्ड समासम् ।युद्धकाण्ड-लङ्काकाण्ड युडकाण्ड-लङ्काकाण्ड घ० १,२) हनुमान को पुरस्कार और सेना समेत पफ साय समुद्र पार होने का प्रस्ताव श्रुत्वा हनूमतो वाक्यं यथाचदभिभाषितम् । रामः प्रीतिसयायुक्तो काक्यमुत्तरमब्रवीत् ', ' कृत हनूभवा कार्य सुमहद्धषि दुकभम् । मनसापि यदन्येन न पाक्यं धर गीतले ', ' इदं तु मम दीनस्य मनो भूपः प्रकर्षति । यदिहास्य मियाख्यातुन खर्मि सहशं प्रियम् ', ' एप सबस्वभूतम्त परियङ्गो हनूमतः | मया कालमियं पाप्प दचस्तस्य महात्मनाः ', ' इत्युक्त्वा पीतिहष्टाङ्गो रामस्त परिपस्वने । हनूमन्तं कृतात्मानं कृतवाक्यमुपागतम् ', ' ध्यात्वा पुनरुवाचेदं वचनं रघुसत्तमः । हरीणामीग्घरस्थापि मुग्रीकस्योपशृण्वतः ', ' सर्वथा भुकृतं सावरसीतायाः परिमार्गणम् । सागरं तु समासाथ पुननष्ट पनो मम ', ' कथं नाम समुद्रस्य दुष्पारस्य महाम्भसः । हरयो दक्षिणं पार गमिष्यन्ति समागताः ', ' तु शोकपरिसून रामं दशरथात्मजम् । उवाच वचनं श्रीमान्मुग्रीवः शोकनाशनम् ', ' संतापस्प च ते स्थान नहि पश्यामि राघव महचापलब्धायाँ हाते च निलये रिपोः ', ' इमे शुसः समर्थाश्च सर्वतो हरियूथपाः । समिया) कृतोत्साहा प्रवेष्टमपि पायकम्', ' सेतुरन यथा षवेधथा पश्येम al पुरीम् । तस्य राक्षसरामस्य तथा वं कुरु राय ', ' तदलं शोकमालम्ब्य क्रोधमालम्ब भए । निश्वशः क्षत्रिया पदाः सरे चण्डस्य विभ्यति ', ' अर्धन्दनुमान से यथावद कहे वाक्य को सुनकर भीति युक्त - हुए राम उच्चर वाक्य बोले ', ' हनुमान ने भूमि में दुर्बम महतं बड़ा कार्य किया है, जो किसी दूसरे से पृथिवीतल पर मन से भी करना अवाक्य है ।। २ ।। किन्तु इस दीन अवस्था में यह बात मेरे मन को बहुत ही चुभती है, कि मैं इस प्रिय करनेवाले के साश मिय नहीं कर सकता हूं ', 'हां इस समय प्रेम से गले मिलना यही अपना सर्वस्व इम तुमान् महात्मा को देता हूं ', ' यह काकर पीति से इषित अङ्गनेवाले,वाक्य को पूरा करके आए, जिवेन्द्रिय हनुमान को राम ने गले लगाया ', ' फिर थोड़ी देर सोचकर राम वानरपति मुग्रीव के सुनते हुए यह वचन बोले ', ' सीता का हूदना तो बड़ी अच्छी तरह होचुका, पर समुद्र को पाकर फिर मेरा मन डिगा जाता है ', ' ', ' कैसे बड़े जल थाले दुष्पार समुद्र के पार दक्षिण तीर पर बामर इकटे पहुंचेगे. ।। ८']"," इति श्रीमद्वारमीकि रामायणे पुन्दरकाण्ड समासम् ।युद्धकाण्ड-लङ्काकाण्ड युडकाण्ड-लङ्काकाण्ड घ० १,२) हनुमान को पुरस्कार और सेना समेत पफ साय समुद्र पार होने का प्रस्ताव श्रुत्वा हनूमतो वाक्यं यथाचदभिभाषितम् । रामः प्रीतिसयायुक्तो काक्यमुत्तरमब्रवीत्  एप सबस्वभूतम्त परियङ्गो हनूमतः | मया कालमियं पाप्प दचस्तस्य महात्मनाः  इत्युक्त्वा पीतिहष्टाङ्गो रामस्त परिपस्वने । हनूमन्तं कृतात्मानं कृतवाक्यमुपागतम्  हनुमान ने भूमि में दुर्बम महतं बड़ा कार्य किया है, जो किसी दूसरे से पृथिवीतल पर मन से भी करना अवाक्य है ।। २ ।। किन्तु इस दीन अवस्था में यह बात मेरे मन को बहुत ही चुभती है, कि मैं इस प्रिय करनेवाले के साश मिय नहीं कर सकता हूं  सीता का हूदना तो बड़ी अच्छी तरह होचुका, पर समुद्र को पाकर फिर मेरा मन डिगा जाता है "
16,"[' तब श्रीमान् सुग्रीव शोक से दबे हुए दशरथ सुत राम को मोकनाशक बचन बोला ', ' हे राघव जब कि सीता की मुष मिल गई, और शत्रु का घर जाना गया, तो अब मैं आपके शोक का स्थान नहीं देखता हूँ ', ' यह शूरवीर समर्य, वानर सेनापति सब के सब आपका पिय करने के लिय अनि में भी प्रवेश करने का उत्साह रखते हैं (तब समुद्र का पार होना कौन बड़ी बात है ) ', ' सो हे रायर अब जैसे समुद्र के ऊपर पुल वन्यजाए और जैसे उम राक्षसराज की पुरी को देखें, वैसे आप करें ', ' इसलिये आप शोक को रणगकर कोष का थालम्बन कीजिये, क्षत्रिय जो उद्योगी नहीं रहते, वह गिर जाते हैं, प्रचण्ड सेही मन डरते है', ' संग २ (१०४) लंका पर चढाई, समुद्रतक की यात्रा। .ुद्धकाण्ड-लङ्काकाण्ड मेच्यति नीत्रिते ', ' राघवस्य वचः श्रुत्वा मुत्रीचो वाहिनीपतिः ! म्यादिदेश महावीर्यों वानरावानरर्षभा ', ' बतो वानरराजेन लक्ष्मणेन च पूजितः । जगाप रागो धर्मात्मा ससैन्यो दक्षिणां दिशम् ', ' आप्लवन्तः प्लवन्तश्च गर्भन्तन पुरंगमाः। तोडतो निनदन्तश्च जम्मु दक्षिणां दिशम् ', ' पुरस्तात्पभो नीको वीर कुमुद एव च । पन्धान बोधयन्ति स्म वानरैतुभिः सह ', ' मध्ये तु राजा मुग्रीनो रायो लक्ष्मण एव च । बलिमिहुभिर्धामतः शानियईणः ', ' ततः पादपसंवा नानाबनसमायुतम् । सपर्वतमासाद बानरास्ते समारुहन् ', ' काननानि विचित्राणि नदीमत्रवणानि च । पश्यपि ययौ रामा सहास्य मलपस्य च ', ' महेन्द्रपथ अमाप समो राजीवलोचनः । आरुरोह महाबाहुः शिखरं दुमभूपितम् ', ' ततः शिखरमारुवं रामो दशरथात्मजः । कूर्मपानसमाकीर्णमपश्यत्सलिलाकुलम् ', ' अथ धौतोपन्तको सायौषैः सहसोस्थितः। वेलामासाब विपुलो रामो पचनमब्रवीत् ', ' एते क्यमनुमाप्ताः सुग्रीच वरुणालयम् । इहेदानी विचिन्ता सा या नः पूर्षमुपस्थिता ', ' तदिदैव निवेशोऽस्तु मन्त्रः मस्तुपतामिह । यथेदं वानरवलं परं पारमवाप्नुयात् ', ' वां सेना समुस्मृज्य मा च कश्विस्कृतो बजे । गच्छन्तु वानराः शूगर हेच छ भयं च नः ', ' रामस्य वचनं श्रुत्वा सुग्रीवः सहलक्ष्मगः । सेनां निवेशयतीरे सागरस्थ द्रुमायुते ', ' विरान समीपस्य सागरस्य च तलम् । मधुपाण्डमला श्रीमान्द्रितीय र सागर ', ' दुपारमसंबाध रखोगणनिवितम् । पश्यन्तो वरुणापास निषई रियूपपाः ', ' इसन्तमिव फेनधिस्यन्त.श्रीवारमीकि रामायण मिव चोमिभिः । चन्द्रोदय समुद्भूतं प्रतिचन्द्रसमाकुलम् ', ' सागर चाम्बरमख्यमम्वरं सागरोपमम् । सागरं चाम्बरं चेति निर्षिघोषमापत ', ' संपृक्त नभसाप्यम्भःसंपृकं च नमोऽम्भसा। तारयूपे स्म सश्येते तारारबसमाकुले ']"," यह शूरवीर समर्य, वानर सेनापति सब के सब आपका पिय करने के लिय अनि में भी प्रवेश करने का उत्साह रखते हैं (तब समुद्र का पार होना कौन बड़ी बात है )  ततः पादपसंवा नानाबनसमायुतम् । सपर्वतमासाद बानरास्ते समारुहन्  वां सेना समुस्मृज्य मा च कश्विस्कृतो बजे । गच्छन्तु वानराः शूगर हेच छ भयं च नः  विरान समीपस्य सागरस्य च तलम् । मधुपाण्डमला श्रीमान्द्रितीय र सागर  सागर चाम्बरमख्यमम्वरं सागरोपमम् । सागरं चाम्बरं चेति निर्षिघोषमापत "
17,"[' समुत्पतिरपेचस्प वीचिमालाकुलस्य च । विशेषो न द्वयोराप्तीत्सागरस्याम्बरस्य च ', ' टीका-तब माहातेजस्वी सचे पराक्रमी राम बोले, हे सुग्रीव इसी समय चढ़ाई करने को तथ्यार होना चाहिए ', ' सीता मेरी चढ़ाई को सुनकर जीवन की आशा धारेगी ', ' राधब के वचन को सुनकर चाना श्रेष्ठ महाबली सेनापति सुग्रीव में वामरों को (चढ़ाई की) भाज्ञा दी ', ' तव राम वानरराज से और लक्ष्मण से पूजित हुए सेना सहित दक्षिण दिशा को चले ', ' कूदत्त फांदते गर्जते खम ठोकते और सिंहनाद करते हुए वानर दक्षिण दिशा को चले ', ' आगे २ वीर ऋषभ नील और कुमुद यह और बहुत से घानरों के साथ मार्ग को शोधने जारहे थे ', ' मध्य में रामा मुग्रीव और शत्रुओं के मारनेवाले राम लक्ष्मण बहुत से भयङ्कर बलवानों से युक्त हुए गये ', ' सब वृक्षों से भरे हुए नाना बनों से युक्त सह पर्वत को पाकर वर वानर उप्त पर चढ़ गए ', ' सा और मछय के विचित्र बनों और नदियों के मरनों को देखते हुए राम गये ', ' उसके पीछे महाबाहु कमलनेत्र राम महेन्द्र पर पहुंचकर वृक्षों से भूषित उसके शिखर पर चढ़े ', ' शिखर पर चढ़कर दशरथसुत राम ने कूर्म मछलियों से पूर्ण समुद्र के दर्शन किये ', ' का सब महापर्वत सह्य और मलय को उलांधकर क्रमाा भयङ्कर ध्वनिवाले समुद्र पर पहुँचे । १२', ' अब समुद्र से उठे जल प्रवाहों से धोई हुई शिलाओं वाले विशाक किनारे पर पहुंचकर राम यह वचन बोके ', 'सर्म ।  सुग्रीव यह हम समुद्र पर आगए हैं, या अब फिर वही पाली चिन्ता हमारे सामने है ', ' सो यहां ही छावनी डालिए, और विचार कीजिये, जिससे कि यह पानर सेना परले पार पहुंच जाए ', ' राम के वचन को सुनकर सुग्रीव और लक्ष्मण ने वृक्षों से भरे हुए सागर तीर पर सेना की छावनी डालदी ', ' सागर के समीप विकी हुई वह सेना ऐसी सुन्दर शोभायमान होती थी, मानों कि मधु के से पीले रङ्ग्याला दुसरा शोभाशाली सागर है ', ' दूर किनारे बाळे, अधार, राक्षसगणों से सेवित सागर को देखते हुए वानर सेनापति ढिके ', ' जो सागर के फेन सभा मे मानों इस रहा है, लहरों से नाच रहा है, और चन्द्र के उदय होने पर (लइर २ में पड़ते हुए ) प्रविचन्दों (चन्द्रमतिविम्बों) से भरा हुआ प्रतीत होता है ', 'समुद्र आकाशके समान और आकाा समुद्र के समान होने से समुद्र और आकाश निर्विशेष (एक से) दीयते थे ', ' (भमुद्र का) मा आकाश के (प्रतिविम्ब ) से मिला हुआ, और आकाश (ऊंची लहरों के) जह से मिला हुआ, इसपकार दोनों बारे और रत्नों से भरे हुए एक से रूपकाले दीखते थे ', ' आकाश मेघवाला से भरा हुभा - और समुद्र तरङ्गमाला से भरा हुआ होने से दोनों में विशेष नहीं था ', ' : पक्षण का राक्षसों के साथ विचार लका में इन्द्र के तुल्य महात्मा इनुमान से किये भय काने वाले घोर कर्म को देखकर सकतेन्द्र ', ' लज्जा से मुख कुछ नीचे करके राक्षसों से बोला । सहसों धीर बानरों से घिरा हुआ राम . हमारे रोकने के लिये लङ्का की ओर आरहा है यह स्पष्ट दिखाई देता है, कि राम आसानी से समुद्र पार भी होजाएगा ']"," सब वृक्षों से भरे हुए नाना बनों से युक्त सह पर्वत को पाकर वर वानर उप्त पर चढ़ गए  का सब महापर्वत सह्य और मलय को उलांधकर क्रमाा भयङ्कर ध्वनिवाले समुद्र पर पहुँचे । १२ सो यहां ही छावनी डालिए, और विचार कीजिये, जिससे कि यह पानर सेना परले पार पहुंच जाए  राम के वचन को सुनकर सुग्रीव और लक्ष्मण ने वृक्षों से भरे हुए सागर तीर पर सेना की छावनी डालदी समुद्र आकाशके समान और आकाा समुद्र के समान होने से समुद्र और आकाश निर्विशेष (एक से) दीयते थे "
18,"[' वानरों के साथ ऐसे विरुद्ध कार्य के आदे पर मेरे पुर और सेना के विषय में हित विचारिणे ', ' सक्षसेन्द्र में ऐसे को हुए महावली रासस हाथ जोड़कर राक्षमेन्द्र रावण से बोले ।।। हमारा यल - (सेना) बहुत बड़ा है, आप क्यों एदास होते हैं, आपने भोगवती में माकर नाग जीते हैं।', ' याप यक्षों के समूहों को गिराकर दिकाकर और जीतफर कैलास की चोटी से विमान लाए ', 'सj युद्धका-लङ्काका १६ दानवराज मयने आपके डर से मैत्री की इच्छा से आपकी पनी होने के अर्थ अपनी कन्या दी है दा राम रण में उनके वीर्य और उत्साह के तुल्य नहीं, ओ हे राजन् आपने युद्ध में दुर्भय लोग पह से जीते थे ', ' अथवा हे महाराज आप उरे रहे, आपको श्रम से क्या, यह अकेला इन्द्रजित सारे वानरों को मार खपाएगा ।। १०', 'हे राजन् यह एक प्राकृतमान के अनुचित विपत्ति भाप मन में न रखें, आप सब को मारेंगे ', ' .१.)विभीषण की सीता को वापिस देने की राषण को सम्मति। शस्त्र पकड़कर तथ्यार हुए उनसब को रोककर विभीषण । फिर उनको विठकाकर वाक्य घोला ', ' ', ' हे तात जो काम तीन उपायों (साम, दाम, दण्ड) से न होसके, बुद्धिमान् पुरुष वहा पराक्रम दिखलाने का समय बतलाते हैं', ' प्रमादी और दैव से मारे हुए पानुओं में पराक्रम फलते हैं, जब परीक्षा करके विधि से कमाए गए हों', ' पर तुम कैसे उस अप्रमादी बल में स्थित, जयशील, क्रोध कोजीते हुए, दुर्घर्ष को दबाना चाहते हो ', ' भयंकर नद नदियों के पति समुद्र को लंघकर इतुमान का यहाँ आना लोक में कौन जान सक्ता, वा ख्याल कर सकता था ', 'हे राक्षसो शत्रुओं के भी बछ और वीर्य अपरिमेय हैं, किसी तरह भी उनकी एकाएक अवज्ञा नहीं करनी चाहिये ', ' उस वीर्यवान् धर्मानुयायी के साथ निरर्थक बैर युक्त नहीं, उसे मैथिकी दे दीजिये ', ' बन्धु होने से आपको प्रसन्न करता हूं मेरा वचन मानिये, मैं हित और सस कहता है, सीता उसे दे दीजियए ', ' विभीषण के वचन को पुनकर राक्षसेश्वर रावण उन सब को विसर्जन करके अपने घर में प्रविष्ट हुभा ', 'ुद्धकाण्ड-छङ्काकाण्ड दूसरे दिन प्रभात के समय भीषण काँयाला महातेजस्वी पीर विभीषण बड़े भाई के घर में पविष्ट हुआ ', ' राक्षसी से पूजित उस महावाहू ने अपने वज से दीप्यमान, आसन पर बैठे हुए, रावण को प्रणाम किया ', ' और एकान्त मे मन्त्रियों के समक्ष उसने महात्मा रावण को हेतुओं से निश्चित अतीव हितकारी वचन कहा ', ' ई चीर मुझे यही पसन्द आता है, कि सीवा राम को दे दीजिए, इम मन्त्र के आप तक पहुंचाने में सब मन्त्री रुकते हैं ', ' पर मुख अवश्य करना चाहिए, जो मैंने समझा का मुना है, तो जैसा ठीक हो, पैसा कीजिए ', ' इस गम्भीर अर्थवाले नर्म हेतुओं से युक्त भूत भविष्यत और वर्षमान में फलप्रद हित वचन को मुनकर विषयासक्त गवण ने सन्तत होकर यह एचर दिया ', ' किमी से मय नहीं देखता हूं, राम कमी सीता को नहीं पाएगा, युद्ध में इन्द्र सहित देवताओं के साथ भी गम मेरे आगे कैसे खड़ा होगा ।। १४ ।। यह कहकर देवताओं की सेना के नाम करनेवाले रण में प्रचण्ड पराक्रमवाले महावली रावणने सत्यवादी माई विभीषण को विसर्जन किया', ' ) रावण का सभा करना सीता की कामना से माहित बह राजा दुईछ हुआ अत्यन्त कामना से भरा हुआ, सीता काही चिन्तन करता हुआ ', ' अब समय बीत जाने पर रावण युद्ध में मन्त्री और मुहदों के साथ सलाह का समय समझता मया ']"," सक्षसेन्द्र में ऐसे को हुए महावली रासस हाथ जोड़कर राक्षमेन्द्र रावण से बोले ।।। हमारा यल - (सेना) बहुत बड़ा है, आप क्यों एदास होते हैं, आपने भोगवती में माकर नाग जीते हैं। विभीषण के वचन को पुनकर राक्षसेश्वर रावण उन सब को विसर्जन करके अपने घर में प्रविष्ट हुभा  राक्षसी से पूजित उस महावाहू ने अपने वज से दीप्यमान, आसन पर बैठे हुए, रावण को प्रणाम किया  और एकान्त मे मन्त्रियों के समक्ष उसने महात्मा रावण को हेतुओं से निश्चित अतीव हितकारी वचन कहा  किमी से मय नहीं देखता हूं, राम कमी सीता को नहीं पाएगा, युद्ध में इन्द्र सहित देवताओं के साथ भी गम मेरे आगे कैसे खड़ा होगा ।। १४ ।। यह कहकर देवताओं की सेना के नाम करनेवाले रण में प्रचण्ड पराक्रमवाले महावली रावणने सत्यवादी माई विभीषण को विसर्जन किया"
19,"[' यह सुवर्ण की जालियों चाले मणि और गुलियों से भूपित सिधे हुए घोड़ों वाले महारथ पर पाकर सवार हुआ ', ' बड़े मेघ के तुल्य ध्वनिमाले उस रथ पर चढ़ कर वह राक्षसश्रेध रावण सभा की ओर गया ', ' दाल तलवार और सारे शहों से सजे हुए राक्षस योधे साक्षसेन्द्र के आगे २५ले ', ' और नाना प्रकार के अलग २ चेपा वाले नाना भूषणों से भूपित्त रोधे पावों से और पीछे से घेर कर चले ', 'रामतों से जय की असीमें लगा हुआ शत्रुओं का दमन करने वाला, च महातेजस्वी सजी हुई जमा में आया ।। ७ ', ' निश्चित विषयों में निपुण मुख्य २ मन्त्री गुणों से युक्त, सर्वज्ञ, बुद्धिदी, अमात्य (प्राइवेट मन्त्री) ', ' सैकड़ों और अनेक शूरवीर उस मुनहरी सभा में सब विषयों की आसानी के लिये इकडे हुए ', ' तब महात्मा विभीपण सोने से विचित्रित अङ्गों वाले उत्तम घोड़ों पाले शुम स्थ पर चढ़कर बड़े भाई की सभा को गया ।युद्धकाण्ड-लङ्काकाण्ड समै ६ (२०१३) राज सभा में राजा श्रीर मरिषयों का विचार । वह रणों के जीतनेवाला, उम भरी सभा की ओर देखकर सेनापाई महस्त को आज्ञा देता मया ', ' हे सेनापते चारों प्रकार के (पैदल, घुड़सपार, हाथीसवार, और स्थसबार) मुशिक्षिस योघे नगर की रक्षा में तत्पर करो ', ' तब सारी सेना को नगर की रक्षा के लिये अलग २ लगाकर महस्व राजा के सामने बैठाया और बोला ', ' सेना के मालिक की सेना बाहर अन्दर लगादी है, आप निश्चिन्त होकर अपना आभिप्रेत कीजिये ', ' राज्य के हितैषी प्रहस्त के वचन को सुनकर सुखाभिलाषी राषण मुहदों के मध्य में, बोला ', ' मिय, अमिय, मुख, दुःख हानि, काभ, हित, आहत में, धर्म और अर्थ की कठिनाइयों में, आप जानने योग्य हैं ', ' आपने सदा विचार पूर्वक मेरे सारे कार्य आरम्भ किये हैं, और कभी निफल नहीं हुए हैं ', ' सीता देनी नहीं है, और दशरथ के दोनों पुत्रों को मारना है, यह सोच कर आप विचार कीजिये और मुनीति युक्त कहिये ', ' कामके बस हुए (रावण) के रोने को सुनकर कुम्भकर्ण क्रुद्ध हुआ और यह वचन बोला ', 'हे महाराज ! यह सब पापका अतुल काम है, इस काम की सलाइ आरम्भ में ही हमारे साथ करनी थीं ', ' हे रावण जोन्याय में राजकार्यों को करता है, वह निश्चित गति वाला रामापीछे संका नहीं होला दे ', ' विना अपाय के जितमे चलटे काम किये जाते हैं वह सब दूषित होजाते हैं, जैसेयुद्धकाण्ड-लङ्काकाण्ड १९ अशुद्ध हदयवालों की हवियें ', ' जो पहले करने योग्य कमों को पीछे करना चाहता है, और पीछे करनेवालों को पहले, यह नीति अनीति को नहीं जानता है ', ' आपने यह बिन सोचे पदा काम आरम्भ कर दिया के निष्पाप ! अब मैं तेरे पात्रुओं को पारकर इसे ठीक करूंगा ', ' रावण को क्रुद्ध जानकर महावली महापाय थोड़ी देर सोचकर क्षाथ जोड़कर बोला ', ' सो हे महावल यहां आए श्रापके सारे शत्रुओं को हमशन के प्रताप से बस में करेंगे ', ' महापा से ऐसे कहा था रामा रावण उसके पश्चन को पूजता हुआ यह पचन बोला ', ' नाम रण में मेरी ओर से निकले दो जिला वाले सांपों के तुल्य बाणों को नहीं देखता है, इससे मेरी भोर था रहा है ']"," यह सुवर्ण की जालियों चाले मणि और गुलियों से भूपित सिधे हुए घोड़ों वाले महारथ पर पाकर सवार हुआ  और नाना प्रकार के अलग २ चेपा वाले नाना भूषणों से भूपित्त रोधे पावों से और पीछे से घेर कर चले  तब सारी सेना को नगर की रक्षा के लिये अलग २ लगाकर महस्व राजा के सामने बैठाया और बोला  सीता देनी नहीं है, और दशरथ के दोनों पुत्रों को मारना है, यह सोच कर आप विचार कीजिये और मुनीति युक्त कहिये  रावण को क्रुद्ध जानकर महावली महापाय थोड़ी देर सोचकर क्षाथ जोड़कर बोला "
20,"[' सो मैं बड़ी सेना से युक्त हुआ इसकी सेना को नामाकर दूंगा, जैसे सूर्य समय पर उदयपुश्रा नक्षत्रों की प्रभा को ', ' सगै ७ (२०५४) विभीषण को सीता को वापिस देने की सम्मति। रामसेन्द्र के रचन को और कुम्भक की गर्जनाओं को सुनकर विभीषण राक्षसराज का हितकारी गम्भीर तात्पर्य वाला मुख्य वचन बोला ', ' हे राजन् ! यह सीता रूपी बड़ा माप जिसकी छाती फण है, जिसकी ओर ख्यालही विष है, जिसकी मुसकराइद ही वीक्ष्ण दाढ़े हैं, पांच अंगुलिये पांच सिर हैं, किस निमिच आपने हाथ में पकड़ा है ', ' जब तक वायु के समान चेगवाले राम से प्रेरे हुए वेज तुल्य वाण राक्षसरों के सिरों को नहीं पकड़ते हैं तब तक ही सीचा राम को दे दीजिये ', ' विभाषण के वाक्य को सुनकर प्रास्त बोला, इम न देवताओं से न दानापों से कभी भय समझते हैं ', ' कैसे फिर हमें नरेन्द्र पुत्र राम से रण में कभी भय होता है', ' सहस्त के अहित चाक्य को सुनकर राजा का हित चाइनेवाला धर्म अर्थ काम में स्चिन बुदिशाका विभीषण बड़े अर्थवाला बचन बोला ', ' प्रहस्त राम जोकि अपना काम करने में बड़ा निपुण है, उसकायुद्धकाण्ड लङ्काकाण्ड बध बिना नौका से समुद्र तरने की तरह मुझ से वा तुझने या सारे राक्षप्ता से कैसे हो सकता है ', ' धर्म प्रधान, महाराथी, दक्ष्वाकुवंश में उत्पन्न हुए, अपने कार्यों में शक्तिमान राजा राम के सामने देवता भी मूढ़ हो जाते हैं ।। ८ ', "" यह राजा न्यसनों के घर में हुभा स्वभाव से ही तीक्ष्ण और पिन साँचे करने वाला है, तिस पर शत्रु तुल्य आप जैसे मित्र राक्षसों के नाशार्थ से सलाह दे रहे हैं ।।२।। यह इस पुर के सथा सुहृद' जनों और दूसरे राक्षसों समेत रामा के लिये पथ्य ठीक पचन जो अपना मत है, कहता हूँ, वह यह कि सीता नरेन्द्रपुत्र को दे दीजिये "", ' शत्रु का बल, और अपना बल, देवाकाल,क्षय और धदि यह सब चातें धुद्धि से सोचकर जो स्वामी का हित याम्य वाक्य कहे, वही मन्त्री है ', "" यक्ष १५, १६' विभीषण भौर इन्द्रजित का विवाद बृहस्पति के तुल्य मतिवाले विभीषण के पवन को सुनकर राक्षसयूथ का मुखिया महात्मा इन्द्रजित बचन बोला "", ' हे छोटे सात आप अति भीरु की तरह अनर्थक वाक्य कहते हैं(पौलस्त्य पेशियों की तो बात ही दूर है,पर) नो इस वंश में भी उत्पनन हुआ हो, वह भी न ऐमा कहेगा, न करेगा ', ' इस कुल में एकही पुरुष सत्व, वीर्य, पराक्रम, धैर्य, शौर्य, और तेज से हीन हुआ है, और यह या छोटा सात विभीषण है ', ' तत्र इन्द्रसरका दुर्जेय बढ़े पराक्रमी के वचन को सुनकर शानधारियों में श्रेष्ठ विधीपण बड़े अर्थवाला वचन बोला ', ' हे तात विचार में तेरी बुद्धि नहीं पहुंचती, तू वाल अपक बुद्धि है, इसी से तूने भी अपने नाश के लिये अर्थ से हीन घडुन बात कह डाली है ', ' हे राजन् ! इस धन, रत्न, भूषण, दिव्य बच्च, विचित्र पनि और देवी सीता राम को अर्पण करके यहां बीतशोक हुए धसे ।। ६', ' मुन्दर हित वाक्य कहते हुए विभीषण को काल से प्रेरा हुआ रावण कठोर वाक्य बोला ७', ' शत्रु के साथ, दा क्रुद्ध हुए नाग के साथ बसे, पर अपने शत्रु के सेवी मित्र के साथ न बमे ', ' एक दूसरे की विपत्तियों में सदा प्रसन्न होने वाले बैरी दके हुए हृदयबाछे जाति के लोग बड़े भयानक होते हैं ', ' कावा है, कि पूर्वकाल पभवन में हाधियों ने हाथ में फांस लिये मनुष्यों को देखकर श्लोक गाए थे, उनको सुन ', '“युद्धकाण्ड-लङ्काकाण्ड • +नागिन न्यानि दाखाणि न ना पाषा भयावहाघोरा स्वार्थमयुक्तास्तु शातयो नो भयावदाः ', ' उपायमेते वक्ष्यन्ति ग्रहणे नात्र संशयः । कृत्स्नाद्भयाज्ञातिभयं सुकष्ट विदितं च नः ', ' विधते गोपु संपन्न विद्यते ज्ञातितो भयम् । विद्यते श्रीषु चापल्प विधते ब्राह्मणे तपः ', ' ततो नेष्टामिदं सौम्य यदई लोकसत्कृतः । ऐश्वर्यमभिजातश्च रिपूणां मूनि च स्थितः ']"," सगै ७ (२०५४) विभीषण को सीता को वापिस देने की सम्मति। रामसेन्द्र के रचन को और कुम्भक की गर्जनाओं को सुनकर विभीषण राक्षसराज का हितकारी गम्भीर तात्पर्य वाला मुख्य वचन बोला  सहस्त के अहित चाक्य को सुनकर राजा का हित चाइनेवाला धर्म अर्थ काम में स्चिन बुदिशाका विभीषण बड़े अर्थवाला बचन बोला  यह राजा न्यसनों के घर में हुभा स्वभाव से ही तीक्ष्ण और पिन साँचे करने वाला है, तिस पर शत्रु तुल्य आप जैसे मित्र राक्षसों के नाशार्थ से सलाह दे रहे हैं ।।२।। यह इस पुर के सथा सुहृद' जनों और दूसरे राक्षसों समेत रामा के लिये पथ्य ठीक पचन जो अपना मत है, कहता हूँ, वह यह कि सीता नरेन्द्रपुत्र को दे दीजिये  इस कुल में एकही पुरुष सत्व, वीर्य, पराक्रम, धैर्य, शौर्य, और तेज से हीन हुआ है, और यह या छोटा सात विभीषण है  हे राजन् ! इस धन, रत्न, भूषण, दिव्य बच्च, विचित्र पनि और देवी सीता राम को अर्पण करके यहां बीतशोक हुए धसे ।। ६"
21,"[' यथा पुष्करपत्रेषु पतितास्तोयविन्दवः । न श्लेषमभिगच्छन्ति तधानार्येषु सौहृदम् ', ' योऽन्यस्त्वेवंविषं ब्रूयादाक्यमेतन्निशाचर । अस्मिन्मुहर्ते नभवेत्त्वां तु धिक्कुलपांसन ', ' इत्युक्तः परुष वाक्य न्यायवादी विभीषणः । उत्पपारा गदापाणिश्चतुभि सह राक्षसः', ' स्पेष्ठो मान्यः पितृसमो नच धर्मपये स्थितः । इदं हि परुषं वाक्य न क्षमाम्पनजस्य ते ', ' भुनी हितकामेन वाक्पमुक्तं दशानन । न गृहन्यकृतात्मानः कालस्य वशमागताः ', ' मुलमा पुरुषा राजन्सततं पियवादिनः । अप्रियस्य च पथ्यम्य वक्ता श्रोता च दुर्लभः ', ' तन्मर्षयतु यच्चोकं गुरुत्वाद्धितमिच्छता ', ' आत्मान सर्वथा रक्ष पुरीं चेर्मा सराक्षसाम् । स्वस्ति तेऽस्तु गमिच्यामि सुखी भव मया विना ', ' निवार्षमाणस्य मया हिवैपिणा न रोचते ते वचनं निशाचर । परान्तकाले हि साधुपो नरा हितं न गृहन्ति मुहगिरीरितम् ', ' टीका-कि हमारे लिये न आये,नदुसरे शास्त्र,न फांसें,भयानक हैं, किन्तु पह घोर,वार्य से मेरे हुए ज्ञाति के लोग हमारे लिये भय लाने वाले हैं ', ' यह हमारे पकड़ने में अपाय बतळाएंगे, इसमें संकाय नहीं, सप भयों से ज्ञाति का भय इमें बड़ा डरावना प्रवीत होता . है ', ' गौओं में बहुत द्व, खियों में चञ्चलता, प्रामों में तप सम्भावित है, और जातियों से थय सम्भावित है।', ' जैसे कमक के पत्तों पर पड़ी मल की धुन्दें लगाव को प्राप्त नहीं होती है, वैसे अनार्यों में सौहार्द ', ' हे निशाचर यदि और कोई इस समय ऐसा वाक्य कहता, तो वह जीक्षा न रहता, तुझे तो पिझार है वे कुल कलङ्क ', ' ऐसे कठोर वचन कहा हुआ न्यायवादी विभीषण गदा हाथ में लिये चार रासों सहित उठ खड़ा हुआ ', ' और क्रुद्ध हुभा विभीषण यह वाक्य घोला, तू भूला हुआ है हे राजन् ! कहो . मुझे जो २ कुछ चाहता है ।। १८ ', ' बड़ा भाई माननीय है, पितृतुल्प है, पर धर्म मार्ग पर स्थित नहीं है। मैं तुझ बड़े भाई के भी इतने कठोर वाक्य को नहीं सइसक्ता है ', ' हे रावण हितैषी से उत्तम नीति युक्त कहे चाक्य को काल के बस में हए अजितेन्द्रिय पुरुष स्वीकार नहीं करते हैं ।। २०', ' हे राजन् ! सदा प्रिय बोलने वाले पुरुष मुलभ है, अप्रिय पथ्य का कहने चाला और सुनने वाला दोनों दुर्लभ है ', ' आप बड़े हैं, क्षमा कीजिये, ओ आपका हित चाहते हुए, मैंने कहा है ।। २२ ', ' सर्वधा अपनी और राक्षसों समेत इस पुरी की रक्षाकर, आपको स्वस्ति हो, मैं जाउंगा, आप मेरे बिना सुख से रहें ', ' मैं हितैषी होकर रोकता है,हे राक्षस आपको मेरा वचन पसन्द नहीं आता है, दूर हुई पाचु दा पुरुप अन्तकाल के आने पर प्रहदों से कहे हित वाक्य को ग्रहण नहीं करते हैं ', 'युद्धकाण्ड-ठङ्काकाण्ड संगै ९ (व० १७,१८) विभीषण का रामकी शरण श्राना। . रावण का छोटा भाई रावण को यह कठोर वचन कहकर बहुत जल्दी वहाँ आया, जहां लक्ष्मण सहित राम थे ', ' वह पहान् महामाज्ञ ऊंचे खर से बोला, रावण नाम दुर्चत राक्षस जो राक्षसों का राजा है ', ' मैं उसका छोटा भाई विभीषण हूँ ']"," इत्युक्तः परुष वाक्य न्यायवादी विभीषणः । उत्पपारा गदापाणिश्चतुभि सह राक्षसः निवार्षमाणस्य मया हिवैपिणा न रोचते ते वचनं निशाचर । परान्तकाले हि साधुपो नरा हितं न गृहन्ति मुहगिरीरितम्  और क्रुद्ध हुभा विभीषण यह वाक्य घोला, तू भूला हुआ है हे राजन् ! कहो . मुझे जो २ कुछ चाहता है ।। १८  बड़ा भाई माननीय है, पितृतुल्प है, पर धर्म मार्ग पर स्थित नहीं है। मैं तुझ बड़े भाई के भी इतने कठोर वाक्य को नहीं सइसक्ता है  मैं हितैषी होकर रोकता है,हे राक्षस आपको मेरा वचन पसन्द नहीं आता है, दूर हुई पाचु दा पुरुप अन्तकाल के आने पर प्रहदों से कहे हित वाक्य को ग्रहण नहीं करते हैं "
22,"[' यह (बड़ा भाई) जनस्थान से जटायु को मारकर सीता को हरलाया है, वह दीन वेवस हुई वहाँ रुकी है, और राक्षसियों से सुरक्षित है ', ' मैंने उसे युक्तियुक्त अनेक वाक्यों से बार २ दर्शाया, कि सीता राम को दे दीजिये यही भला है ', ' पर काल से प्रेरे रावण ने कहे हुए हित वाक्य को नहीं ग्रहण किया, जैसे निकट मृत्युवाला पुरुष औषध को ', ' उलटा उसने मुझे कटोर कहा, और दास की तरह अपमानित किया, सो मैं स्त्री पुत्रों को छोड़कर सघन की शरण आया हूं ', ' अब सारे लोगों को शारण देनेवाले महात्मा राघर को जल्दी बतलायो, कि विभीषण आया है ', ' यह सुनकर सुग्रीच जल्दी चलता हुआ लक्ष्मण के सामने जोश से भरा वचन राम से बोला ', ' रावणका छोटा भाई विभीषण चार दूसरे राक्षसों सहित आपकी शरण आया है ', '(मैं जानता हूं) रावण से भेजा हुआ, माया से ढका हुआ, कुटिल बुद्धि से यहां आया है, कि आपके विश्वस्त होने पर आप पर प्रहार करे ', ' सुग्रीव के उस वाक्य को सुनकर महाबली सब अपने पास स्थित्व हनुमान आदि वानरों से बोले ', ' मित्रभाव में प्रात हुए को मैं कभी स्वाग नहीं सक्का यद्यपि उसका दोष हो, पर पलों से यह (शरणागत का त्याग) निन्दित है ', ' सुग्रीव इस वाक्य को सुन और सोचकर तब शुभतर वाक्य बोला ', ' चाहे यह निशार दुष्ट हो, वा अदुष्ट हो, पर ऐसे दुःख में जो भाई को त्याग सक्ता है ', ' उसके लिये कौन हो संक्ता है, जिसको यह न त्यागेगा ', 'युद्धकाण्ड-करकाकाण्ड संग १०( )राम का विभीषण को स्वीकार करना । मूल वानराधिपतेर्वाक्यं श्रुत्वा सर्वानुदीक्ष्य तु । इति होवाच काकुत्स्थो वाक्प ससपराक्रमः', ' अनधीख च शास्त्राणि पदाननुपसेव्य च । न शक्यमीहशे वक्तुं यदुवाच हरीश्वरः ', ' आस्तिमक्ष्मतरं किंचिद्ययात्र प्रतिभाति मा । प्रत्यक्ष लौकिकं चापि पर्तते सनराजम् ', ' अमित्रास्तस्कृलीनाश्च मासिदेवयाश्च कीतिताः। व्यसनेषु पहारस्तस्मादयामागतः ', ' यस्तु दोषस्त्वया प्रोक्तो दादानेऽरिबलस्य च । तत्र ते कीर्तयिष्यामि यथाशास्त्रमिदं शृणु ', ' न वर्षे तत्कुनिाश्च राध्यकाली चराक्षम पण्डिवा दि भविष्यन्ति तस्माद् अायो विभीषणः ', ' प्रापैः कण्वस्य पुत्रेण कण्डना परमार्षणा । शृणु गाथा पुरा गीता धार्मिष्ठा ससवादिना ', '+बवामलिपुटं दीन याचन्तं शरणागतम न इन्यादानृशंस्यार्थमपि शत्रु परंतप ', ' +आतों या याद वा सः परेषां शरणं गतः। भरिमाणान्परिखज्य रक्षितम्या कृतात्पना ', ' +सकृदेव मपन्नाय तमास्मीति च याचते । अभय सर्वभूतभ्यो तवाम्येतव्रतं मम ', ' +आनयन इरिश्रेष्ठ दमपस्याभयं मया । विभीपणो का मुग्रीव यदि वा राषणःस्वयम् ', ' समस्य तु पचा श्रुस्त ग्रीष शुक्गेश्वरः। प्रयभाषत काकुत्स्थ सौहार्दैनाभिपूरितः ']"," रावणका छोटा भाई विभीषण चार दूसरे राक्षसों सहित आपकी शरण आया है (मैं जानता हूं) रावण से भेजा हुआ, माया से ढका हुआ, कुटिल बुद्धि से यहां आया है, कि आपके विश्वस्त होने पर आप पर प्रहार करे  मित्रभाव में प्रात हुए को मैं कभी स्वाग नहीं सक्का यद्यपि उसका दोष हो, पर पलों से यह (शरणागत का त्याग) निन्दित है  चाहे यह निशार दुष्ट हो, वा अदुष्ट हो, पर ऐसे दुःख में जो भाई को त्याग सक्ता है  +आतों या याद वा सः परेषां शरणं गतः। भरिमाणान्परिखज्य रक्षितम्या कृतात्पना "
23,"[' फिभन्न चित्रधर्म लोकनाथसिखायण । यत्त्वमार्य प्रभाषया सत्यवान्सत्पथे स्थितः ', ' मम चाप्यन्तरात्मार्य शुद्धं घेति विभीषणम् । अनुपानाच मावाच्च सर्वतः सुपरीक्षितः ', ' तस्मात्य सदास्पाभिस्तुल्यो भवतु राघव । विभीषणो महामानः सखित्वं चाभ्युपैतु नः ', '.श्रीवास्मीकि रामायण टीका-वानराधिपति के वचन को सुनकर, और सब की ओर देखकर सो पराकमवाला राय यह वाक्य बोला ', ' शास्त्रों को पढ़े बिना, और शुद्धों का सेवन किये बिना, ऐसा नहीं कहा जासक्ता, जो वानरराज ने कहा है ', ' इसमें एक सूक्ष्म बात है, जैसा कि मुझे प्रतीत होता है, जो लौकिक है, सब राजाओं में प्रखा है. ', ' शत्रु उस कुल के और साथ वाले देश के होते हैं, जोकि व्यसनों में प्रहार किया करते हैं, इसलिये यह यहां आया है ', ' जो दोष आपने शत्रु सेना के ग्रहण करने में कहा है उसमें शास्त्रनुसार कदवा , मुनिये ', ' इस उसकी कुल के नहीं हैं, और विभीषण राज्याभिलाची है, यई लोग समझदार होवे है (भाई के विनाश में इसे राज्य मिलता है हमारे विनाका में नहीं) इसलिए. विभीरण ग्राह्य है, ', ' कण्व ऋषि के पुत्र ससवादी परमार्ष. कण्ड ने पूर्वकाल में एक गाथा गाई है, सो सुन ', ' दोनों हाथ जोड़े हुए दीन याचना करंस हुए शरणामत शत्रु का भी हे परंसप दयाभाव के लिये कभी न मारे ', ' चाहे पीड़ित हो, वा इस हो वारणागत हुए शत्रुकी अपने प्राण सागफर भी बुद्धिमानको रक्षा करनी चाहिये ', ' इसमकार शरणागत की रक्षा न करना । घड़ा दोष है, स्वर्ग और यश का विरोधी और घल बीर्य का नाशक है ', ' एकबार ही जो ""मैं तेरा ह"" ऐसी याचना करता हुआ शरणागत हुआ है, ऐमें सब लोगों को मैं अभय देता है, यह मेरा ब्रत है ', ' इसे लेआ हे धानरश्रेष्ठ मैंने उसे अभय दिया है. विभीषण हो, पार्द का हे सुग्रीव स्वयम् गवण भी हो ', ' राम के वचन को सुनकर पानरेश्वर मुग्रीव सौहार्द से भरा हुआ राम को उत्तर देता थया ', "" हे धर्मज्ञ राजा-'. ओं के चूड़ामणि इस में क्या आश्चर्य है, जो सन्मार्ग में स्थित.  युद्धकाण्ड-लङ्काकाण्ड शुद्ध हृदय आप आर्य चात कहते हैं "", ' मेरा भी अन्तरात्मा विभीषण को शुद्ध जानता है अनुमान से और हृदय के भाव से सब तरह सुपरीक्षित है ', ' इसलिये जल्दी पद महाप्राज्ञ विभीषण हमारे बराबर हो, हमारी मैत्री को माप्त हो ', ' सगै १९ (व. २९ ) विभीषण का शरणागत होना राम से अभय दिये जाने पर झुका हुपा रावण का छोटा भाई चारों राक्षसों ममेत पाओं पर आ गिरा ', ' सब विभीपण ने राम के प्रति यह वाक्य कहा, में रावण का छोटा भाई हूँ उससे अपमानित हुआ हूं ', ' आप जोकि सब लोगों के शरण लेने योग्य हैं, उनकी शरण पड़ा हूं, मैंने लवन मित्र और धन सब छोड़ दिये है ', ' आपके अधीन मेरा राज्य जीवित और सुख है । उसके इस वचन को सुनकर वाणी से उसकोवसल्ली देकर और नेत्रों से मानों पीते हुए राम यह वचन बोले, मुझे राक्षसों का बलाचळ ठीक २ को ', ' सुखदायी कोवाले राम से ऐसे कहा हुआ यह राक्षस रावण का सारा बल कहने उगा ', '']",".श्रीवास्मीकि रामायण टीका-वानराधिपति के वचन को सुनकर, और सब की ओर देखकर सो पराकमवाला राय यह वाक्य बोला  एकबार ही जो ""मैं तेरा ह"" ऐसी याचना करता हुआ शरणागत हुआ है, ऐमें सब लोगों को मैं अभय देता है, यह मेरा ब्रत है  मेरा भी अन्तरात्मा विभीषण को शुद्ध जानता है अनुमान से और हृदय के भाव से सब तरह सुपरीक्षित है  सगै १९ (व. २९ ) विभीषण का शरणागत होना राम से अभय दिये जाने पर झुका हुपा रावण का छोटा भाई चारों राक्षसों ममेत पाओं पर आ गिरा  आपके अधीन मेरा राज्य जीवित और सुख है । उसके इस वचन को सुनकर वाणी से उसकोवसल्ली देकर और नेत्रों से मानों पीते हुए राम यह वचन बोले, मुझे राक्षसों का बलाचळ ठीक २ को "
24,"[' हे राजपुत्र रावण ना के बरदान से गन्धर्व नाग और पक्षी इन सब लोगों से अवघ्य है ।।७', ' रावण से छोटा मेरा बढ़ा भाई वीर्यवान् महातेजस्वी कुम्भकर्ण है, जो युद्ध में इन्द्र के प्रतिवक है ', ' हे राम उसका सेनापति महस्त आपने सुना होगा, जिसने कैलाश पर युद्ध में मणिभद्र को पराजित किया था ', ' और दे रावव श्रीमान् इन्द्रजित बड़े दलोंवाले संग्राम मेंসুজানৱ-কাল अग्नि को (होम से) इस करके अश्य होकर (शत्रुओं को) मारा करता है ।। १०', ' महोदर, महापार्थ और अकम्पन राक्षस यह युद्ध में लोकपालों के तुल्य उसके सेनानी हैं ', ' विभीपण के वचन को सुनकर राम सन से सब सोचकर यह वधनं बोले ', 'हे विभीषण रावण की जो कर्म पाक्तियां आपने पतलाई हैं, उनको मैं ठीक २ मानता हूँ ', ' मैं पुत्र समेत रावण को और सहस्त को मारकर तुझे गजा वाऊंगा, यह मेरा । सत्य मुनिये ', ' रावण रसातल वा पाताल में प्रवेश कर । जाए, अथवा ब्रह्मा के पास चला जाए, पर अब मुझ से यह जीता । नहीं छुटेगा ।। १५ ।। मुखदायी कर्मावाले राम के वचन को सुन कर वह धर्मात्मा सिर से पन्दना करके फिर कहने लगा ', ' राक्षसों के वध में और लड़ा के घर्षण में मैं अपने पाणों के अनुसार सहायता करूंमा, और सेना में प्रविष्ट हूंगा ', ' ऐसे करते हुए विभीषण को गले लगाकर प्रसन्न हुए राम लक्ष्मण से बोले, समुद्र से जल लाभो ', ' ऐसे कहे हुए लक्ष्मण ने वानर श्रेष्ठों के मध्य में राजाज्ञा से विभीषण को अभिषेक दिया सर्ग:१२ १ २०२२] समुद्र पर पुल बांधना तय राम से आज्ञा दिये हुए, सहस्रों वानरश्रेष्ट मसन्न हुए सष भोर बड़े जाल में गये ', ' वह पर्ववतुल्प वानरश्रेष्ठ पर्वतों से वृक्षों को तोड़कर समुद्र की ओर खींच लाये ', ' और वह महावली महाकाय वानर हाथी जितने बड़े २ पत्थरों को और पर्वतों को यन्त्रों से उखाड़कर ढोते भए ', ' कैके जाते हुए पर्वतों से जल वेग से पठकर आकाश की ओर ऊंचा चढ़जाता और फिर नीचे आवा ', ' फैकी जाती हुई शिलाओं और गिरते हुए पर्वतों का उस महासागर में तुमल शब्द होता था ', ' इसमकार नल से बनाया, मगरों के घर समुद्र पर वह पुल आकाश में स्वातीपथ की तरह सुन्दर मुहापना शोमा पाव भया ', 'युद्धकाण्ड-लङ्काकाण्ड दस योजन चीड़ा सी योजन लम्बा बड़ा दुष्कर मल सेतु देव गन्धों ने देखा ', ' उस अचिन्त्य,असहा, रोंगटे खड़े करनेवाले अद्भुत सेतु बन्ध को सब भूतों ने देखा ', ' विशाल, मुन्दर बना हुआ शोभावाला, सुन्दर भूमिवाला, एक जैसा वह महान् सेतु सागर के सीमन्त (सेंधे) की तरह शोभायमान होता था ', ' अब धर्मात्मा श्रीमान् राम धनुष धारे हुए लक्ष्मण और सुग्रीव के साथ उस सेना के आगे २ चले ', ' समुद्र से पार उतरती हुई वानर सेना महा ध्वनि से समुद्र की गम्भीर भयङ्कर धनि को दांप लेती भयी ', ' वानरों की वह सेना नक सेतु से पार हुई, बहुत मूल फल और जलवाळे तीर पर राजा ने छावनी डाली ', ' राम के उस अदभुत दुष्कर फर्म को देख सिद्ध और चारणों सहित देवता और महर्षि राम के पास मा शुभजलों से उसे अलग २ अभिषेक करते भये ', 'हे नरदेव सागर समेत सारी पृथिवी को जीत, और अनेक वर्ष उसे पालन कर, इमप्रकार वह विविध भवचनों से मनुष्य और देवताओं से संस्कृत राम को पूजते भये ']"," रावण रसातल वा पाताल में प्रवेश कर । जाए, अथवा ब्रह्मा के पास चला जाए, पर अब मुझ से यह जीता । नहीं छुटेगा ।। १५ ।। मुखदायी कर्मावाले राम के वचन को सुन कर वह धर्मात्मा सिर से पन्दना करके फिर कहने लगा  वह पर्ववतुल्प वानरश्रेष्ठ पर्वतों से वृक्षों को तोड़कर समुद्र की ओर खींच लाये  और वह महावली महाकाय वानर हाथी जितने बड़े २ पत्थरों को और पर्वतों को यन्त्रों से उखाड़कर ढोते भए  फैकी जाती हुई शिलाओं और गिरते हुए पर्वतों का उस महासागर में तुमल शब्द होता था हे नरदेव सागर समेत सारी पृथिवी को जीत, और अनेक वर्ष उसे पालन कर, इमप्रकार वह विविध भवचनों से मनुष्य और देवताओं से संस्कृत राम को पूजते भये "
25,"[' सगरवि०५५] रावणका शुफसारण के द्वारा रामसेनाका पता लगामा दभरपत राम जब सेना समेत समुद्र पार हुए, तो रावण नेसग ११1 युद्धकाण्ड-काकाण्ड युक सारण इन दोनों मन्त्रियों को कहा ', ' वानरसेना सारे दुस्तर सरगर से पार होगई है,राम ने सागर पर अभूतपूर्व पुल चान्ध लिया है।', ' तुम दानों बेमालुम वानरों की सेना में प्रवेश करके सेना का परिमाण और मुख्य २ वानर-१३', 'जो युद्ध में आगे लगने वाले है, और जो दूसरे शूरवीर वानर है, और जैसे उन महात्मा वानरों का निवेश (तरतीव) है ।। ४ । और राम का और वीर लक्ष्मण का व्यवसाय पाक्ति और शव ठीक २ जानने योग्य हो ', ' ऐसे आया दिये हुए शुक धौर सारण राक्षस चीर वानरों का रूप धारणकर वानरों की सेना में प्रविष्ट हुए ', ' भयङ्कर गर्जती हुई बढ़ी सेना कुछ न्यूह (सफ) बांध चुकी और कुछ बांध रही थी, जब कि उन दोनों राक्षसों ने उस अक्षोभ्य सेना के सागर को देखा ', ' ढके हुए उन दोनों शुक सारण को विभीषण ने देख लिया, और राम को पचलाया ', ' शत्रुओं के किलों को जीतने वाले ! यह राक्षपेन्द्र के मन्त्रीशुक और सारण गुप्तचर होकर लङ्का में आए हैं ', ' वह दोनों राम को देखकर दुखित हो, और जीवित में निराश हो, हाथ बांधे रस्ते हुए यह वचन बोले ', ' हे सौम्य रघुनन्दन इस दोनों गवष से भेजे हुए इस सारे च को जानने के लिये आए हैं ', ' उनके बचन को सुनकर सब लोगों के हित में रत दशरथस्तराम ईसकर यह वाक्य बोले ', ' यदि सारा पल और हमारी स्थिति को देख लिया है, ययोक्त कर लिया है, तो यच्छ जाइए ', ' और यदि कुछ देखना रहगया हो, तो वह सारा देखलो, अघवा विभीषण ही तुमें सब कुछ दिखला देगा ।। ६४ पकड़ा जाने पर तुम्हें अपने जीवन के विषय में डर नहीं होना चाहिये, क्योंकि शव छोड़े हुए दत वध के योग्य नर्स होते हैं ', ' लखून में प्रवेश करके आपन कुचेर के छोटे भाई राक्षसों के राजा को यह मेरा वचन यथोक्त कहना ', "" जिस पल का सहारा लेकर तूने मेरी सीता को हरा है, वह बल' अब सेना और बान्धवों के साथ मिलकर यथारूचि दिखला "", ' कल सवेरे कोट और डेवाड़यों समेत का और राक्षसों की सेना को मेरे चाणों से नष्ट होता हुआ तू देखेगा ', ' इस मकार सन्देश दिये हुए शुक सारण राक्षस ""भय हो"" इस प्रकार धर्मप्रिय राघव को प्रविनन्दन करके ', ' लका नगरी में आकर राक्षसपीस से बोले, हे राक्षसेश्वर विभीषण ने हम दोनों वध के लिये पकड़ लिये ', ' पर देखकर अपरिमित तेजवाले धर्मात्मा सम ने छोड़ दिए ', ' इस समय युद्ध करना चाहते हुए वानर पहात्माओं की सेना के सब योधे बड़े प्रसन्न है, विरोध मिटाइये, शान्ति कीजिये, जानकी दशरथस्त राम को दे दीजिये ', ' ब० २६, ६९, ३१) बीर गुप्तचरों से सेना का पता लगाना सारण से कहे उस निडर सच्चे वचन को सुनकर राजा रावण सारण से बोला ', ' यदि देवता, गन्धर्व, दानव मिलकर भी मुझपर चढ़ाई करें. तौभी मैं सारे लोकों के भय से भी सीता नहीं दूंगा ', ' यह कहकर शुक और सारण को लज्जित हुए और जय शब्द कहकर बाहर चले गये देखकर ', ' तच राना की आज्ञा से गुप्तचर जल्दी आगए, चिवासी,शूर, पीर, निडर गुमचरों को राक्षसाधिपति रावण ने \' ""कहा"" यहा में राम का व्यवसाय परखने के लिये जाओ. n५,६', ' बह गुप्तचर दथास्तु कहकर प्रसन्न हुए राक्षसपति को प्रदक्षिणा करके वहां गये जहां राम लक्ष्मण समेत थे।']"," तुम दानों बेमालुम वानरों की सेना में प्रवेश करके सेना का परिमाण और मुख्य २ वानर-१३जो युद्ध में आगे लगने वाले है, और जो दूसरे शूरवीर वानर है, और जैसे उन महात्मा वानरों का निवेश (तरतीव) है ।। ४ । और राम का और वीर लक्ष्मण का व्यवसाय पाक्ति और शव ठीक २ जानने योग्य हो  वह दोनों राम को देखकर दुखित हो, और जीवित में निराश हो, हाथ बांधे रस्ते हुए यह वचन बोले  इस मकार सन्देश दिये हुए शुक सारण राक्षस ""भय हो"" इस प्रकार धर्मप्रिय राघव को प्रविनन्दन करके  यह कहकर शुक और सारण को लज्जित हुए और जय शब्द कहकर बाहर चले गये देखकर "
