,0,1
0,0,"0.005*""भवन"" + 0.005*""राक्षस"" + 0.005*""हनुमान"" + 0.005*""सीता"" + 0.005*""वानर"" + 0.005*""मा"" + 0.005*""सुन्दर"" + 0.005*""रावण"" + 0.005*""भया"" + 0.005*""रत"""
1,1,"0.005*""सीता"" + 0.005*""सुन्दर"" + 0.005*""भया"" + 0.005*""रावण"" + 0.005*""सक्ती"" + 0.005*""भवन"" + 0.005*""वानर"" + 0.005*""मान"" + 0.005*""स्त्री"" + 0.005*""हनुमान"""
2,2,"0.005*""सीता"" + 0.005*""भवन"" + 0.005*""राक्षस"" + 0.005*""रावण"" + 0.005*""वानर"" + 0.005*""स्त्री"" + 0.005*""सुन्दर"" + 0.005*""मान"" + 0.005*""मा"" + 0.005*""भया"""
3,3,"0.021*""भवन"" + 0.018*""सीता"" + 0.014*""राक्षस"" + 0.014*""सुन्दर"" + 0.014*""भया"" + 0.014*""रावण"" + 0.014*""वानर"" + 0.011*""सक्ती"" + 0.011*""मा"" + 0.011*""स्त्री"""
4,4,"0.005*""भवन"" + 0.005*""भया"" + 0.005*""स्त्री"" + 0.005*""सुन्दर"" + 0.005*""सीता"" + 0.005*""मान"" + 0.005*""मा"" + 0.005*""सक्ती"" + 0.005*""वानर"" + 0.005*""अन्तःपुर"""
5,0,"0.018*""हनुमान"" + 0.015*""युक्त"" + 0.015*""सब"" + 0.015*""सीता"" + 0.015*""रावण"" + 0.015*""मन"" + 0.011*""उत्साह"" + 0.011*""वानर"" + 0.011*""सुन्दर"" + 0.011*""सोच"""
6,1,"0.005*""रावण"" + 0.005*""सीता"" + 0.005*""मन"" + 0.005*""कह"" + 0.005*""सब"" + 0.005*""युक्त"" + 0.005*""हनुमान"" + 0.005*""उत्साह"" + 0.005*""सोच"" + 0.005*""सुन्दर"""
7,2,"0.005*""मन"" + 0.005*""सीता"" + 0.005*""हनुमान"" + 0.005*""युक्त"" + 0.005*""रावण"" + 0.005*""सब"" + 0.005*""कह"" + 0.005*""सुन्दर"" + 0.005*""हार"" + 0.005*""परस्त्री"""
8,3,"0.005*""हनुमान"" + 0.005*""रावण"" + 0.005*""सब"" + 0.005*""सीता"" + 0.005*""युक्त"" + 0.005*""सुन्दर"" + 0.005*""उत्साह"" + 0.005*""मन"" + 0.005*""हार"" + 0.005*""कह"""
9,4,"0.005*""हनुमान"" + 0.005*""रावण"" + 0.005*""वानर"" + 0.005*""सोच"" + 0.005*""मन"" + 0.005*""सुन्दर"" + 0.005*""कह"" + 0.005*""सीता"" + 0.005*""सब"" + 0.005*""अवकाश"""
10,0,"0.034*""राम"" + 0.019*""सीता"" + 0.015*""वानर"" + 0.015*""लोक"" + 0.015*""नदी"" + 0.011*""राज्य"" + 0.011*""जोकि"" + 0.011*""तीन"" + 0.011*""शोभा"" + 0.011*""शुभ"""
11,1,"0.005*""राम"" + 0.005*""सीता"" + 0.005*""नदी"" + 0.005*""लोक"" + 0.005*""वानर"" + 0.005*""तीन"" + 0.005*""शोभा"" + 0.005*""राज्य"" + 0.005*""प्रीति"" + 0.005*""शुभ"""
12,2,"0.005*""राम"" + 0.005*""सीता"" + 0.005*""नदी"" + 0.005*""वानर"" + 0.005*""लोक"" + 0.005*""योग्य"" + 0.005*""जगह"" + 0.005*""युक्त"" + 0.005*""वृक्ष"" + 0.005*""जोकि"""
13,3,"0.005*""राम"" + 0.005*""सीता"" + 0.005*""वानर"" + 0.005*""लोक"" + 0.005*""जोकि"" + 0.005*""तीन"" + 0.005*""प्राप्त"" + 0.005*""शुभ"" + 0.005*""राज्य"" + 0.005*""दुःख"""
14,4,"0.005*""राम"" + 0.005*""लोक"" + 0.005*""सीता"" + 0.005*""जोकि"" + 0.005*""तीन"" + 0.005*""नदी"" + 0.005*""वानर"" + 0.005*""शोभा"" + 0.005*""शुभ"" + 0.005*""है।"""
15,0,"0.004*""रावण"" + 0.004*""सीता"" + 0.004*""भूषण"" + 0.004*""सुन्दर"" + 0.004*""राम"" + 0.004*""चन्द्र"" + 0.004*""मान"" + 0.004*""तुल्य"" + 0.004*""दीन"" + 0.004*""मौर"""
16,1,"0.004*""रावण"" + 0.004*""सीता"" + 0.004*""चन्द्र"" + 0.004*""सुन्दर"" + 0.004*""दिखला"" + 0.004*""दुःख"" + 0.004*""काला"" + 0.004*""राम"" + 0.004*""प्यारा"" + 0.004*""रात"""
17,2,"0.034*""रावण"" + 0.019*""सीता"" + 0.013*""भूषण"" + 0.010*""राम"" + 0.010*""सुन्दर"" + 0.010*""चन्द्र"" + 0.010*""मान"" + 0.006*""निर्मल"" + 0.006*""शाखा"" + 0.006*""दीन"""
18,3,"0.004*""रावण"" + 0.004*""सीता"" + 0.004*""भूषण"" + 0.004*""मान"" + 0.004*""सुन्दर"" + 0.004*""राम"" + 0.004*""नेत्रोंवाली"" + 0.004*""भासती"" + 0.004*""प्यारा"" + 0.004*""पीड़ित"""
19,4,"0.004*""रावण"" + 0.004*""सीता"" + 0.004*""भूषण"" + 0.004*""चन्द्र"" + 0.004*""भया"" + 0.004*""काला"" + 0.004*""नेत्रोंवाली"" + 0.004*""भासती"" + 0.004*""बैठ"" + 0.004*""राम"""
20,0,"0.004*""पा"" + 0.004*""धन"" + 0.004*""वचन"" + 0.004*""तुल्य"" + 0.004*""जान"" + 0.004*""सीता"" + 0.004*""योग्य"" + 0.004*""रूप"" + 0.004*""रोक"" + 0.004*""उत्तर"""
21,1,"0.004*""छोड"" + 0.004*""सुन"" + 0.004*""योग्य"" + 0.004*""पा"" + 0.004*""सीता"" + 0.004*""तुझा"" + 0.004*""धन"" + 0.004*""वचन"" + 0.004*""दुखिया"" + 0.004*""यम"""
22,2,"0.017*""पा"" + 0.014*""सीता"" + 0.010*""वचन"" + 0.010*""योग्य"" + 0.010*""जान"" + 0.010*""रूप"" + 0.010*""सुन"" + 0.010*""तुझा"" + 0.010*""छोड"" + 0.010*""तुल्य"""
23,3,"0.004*""जान"" + 0.004*""पा"" + 0.004*""तुझा"" + 0.004*""उत्पन्न"" + 0.004*""वचन"" + 0.004*""रूप"" + 0.004*""योग्य"" + 0.004*""सुन"" + 0.004*""छोड़"" + 0.004*""छोड"""
24,4,"0.004*""पा"" + 0.004*""तुझा"" + 0.004*""धन"" + 0.004*""तुल्य"" + 0.004*""जान"" + 0.004*""मन"" + 0.004*""योग्य"" + 0.004*""सीता"" + 0.004*""मूर्प"" + 0.004*""मोह"""
25,0,"0.020*""तुझा"" + 0.020*""रावण"" + 0.020*""चाह"" + 0.020*""सीता"" + 0.017*""कह"" + 0.017*""राम"" + 0.010*""क्रोध"" + 0.010*""वचन"" + 0.010*""राक्षसी"" + 0.010*""योग्य"""
26,1,"0.005*""सीता"" + 0.005*""चाह"" + 0.005*""कह"" + 0.005*""रावण"" + 0.005*""राम"" + 0.005*""वचन"" + 0.005*""तुझा"" + 0.005*""योग्य"" + 0.005*""बोल"" + 0.005*""पैदेही"""
27,2,"0.005*""रावण"" + 0.005*""सीता"" + 0.005*""तुझा"" + 0.005*""चाह"" + 0.005*""कह"" + 0.005*""भर"" + 0.005*""राम"" + 0.005*""राक्षसी"" + 0.005*""योग्य"" + 0.005*""वचन"""
28,3,"0.005*""चाह"" + 0.005*""रावण"" + 0.005*""राम"" + 0.005*""तुझा"" + 0.005*""कह"" + 0.005*""सीता"" + 0.005*""योग्य"" + 0.005*""क्रोध"" + 0.005*""वचन"" + 0.005*""राक्षसी"""
29,4,"0.005*""सीता"" + 0.005*""कह"" + 0.005*""तुझा"" + 0.005*""राम"" + 0.005*""चाह"" + 0.005*""रावण"" + 0.005*""महीना"" + 0.005*""युक्त"" + 0.005*""राक्षसी"" + 0.005*""वचन"""
30,0,"0.023*""सीता"" + 0.013*""राक्षसी"" + 0.013*""पा"" + 0.010*""कह"" + 0.010*""शोक"" + 0.010*""हा"" + 0.010*""जीवन"" + 0.007*""रावण"" + 0.007*""पति"" + 0.007*""पन"""
31,1,"0.004*""सीता"" + 0.004*""राक्षसी"" + 0.004*""जीवन"" + 0.004*""पा"" + 0.004*""शोक"" + 0.004*""पन"" + 0.004*""हा"" + 0.004*""कह"" + 0.004*""मान"" + 0.004*""भो"""
32,2,"0.004*""सीता"" + 0.004*""कह"" + 0.004*""राक्षसी"" + 0.004*""शोक"" + 0.004*""पा"" + 0.004*""शीशम"" + 0.004*""पीड़ित"" + 0.004*""दुःख"" + 0.004*""राम"" + 0.004*""पकड"""
33,3,"0.004*""सीता"" + 0.004*""पा"" + 0.004*""राक्षसी"" + 0.004*""कह"" + 0.004*""मन"" + 0.004*""जीवन"" + 0.004*""शोक"" + 0.004*""रावण"" + 0.004*""वचन"" + 0.004*""राम"""
34,4,"0.004*""सीता"" + 0.004*""शोक"" + 0.004*""राक्षसी"" + 0.004*""पा"" + 0.004*""कह"" + 0.004*""हा"" + 0.004*""जीवन"" + 0.004*""राम"" + 0.004*""वाक्य"" + 0.004*""चाह"""
35,0,"0.005*""राम"" + 0.005*""रक्षा"" + 0.005*""भाई"" + 0.005*""मार"" + 0.005*""जान"" + 0.005*""चल"" + 0.005*""रावण"" + 0.005*""सीता"" + 0.005*""शूरवीर"" + 0.005*""प्यारा"""
36,1,"0.005*""राम"" + 0.005*""भाई"" + 0.005*""रक्षा"" + 0.005*""जान"" + 0.005*""मार"" + 0.005*""सीता"" + 0.005*""रावण"" + 0.005*""याग"" + 0.005*""बन्धु"" + 0.005*""यशस्विनी"""
37,2,"0.005*""राम"" + 0.005*""सीता"" + 0.005*""जान"" + 0.005*""मार"" + 0.005*""रक्षा"" + 0.005*""भाई"" + 0.005*""प्यारा"" + 0.005*""मा"" + 0.005*""शोक"" + 0.005*""चल"""
38,3,"0.031*""राम"" + 0.017*""सीता"" + 0.017*""जान"" + 0.014*""रक्षा"" + 0.014*""मार"" + 0.014*""रावण"" + 0.014*""भाई"" + 0.011*""चल"" + 0.011*""प्यारा"" + 0.007*""शूरवीर"""
39,4,"0.005*""राम"" + 0.005*""जान"" + 0.005*""सीता"" + 0.005*""मार"" + 0.005*""भाई"" + 0.005*""रावण"" + 0.005*""रक्षा"" + 0.005*""वानर"" + 0.005*""मा"" + 0.005*""याग"""
40,0,"0.005*""सीता"" + 0.005*""कह"" + 0.005*""राम"" + 0.005*""वचन"" + 0.005*""हनुमान"" + 0.005*""देवि"" + 0.005*""वानर"" + 0.005*""सुन"" + 0.005*""भई"" + 0.005*""शोक"""
41,1,"0.005*""सीता"" + 0.005*""सुन"" + 0.005*""राम"" + 0.005*""हनुमान"" + 0.005*""पवनपुत्र"" + 0.005*""रावण"" + 0.005*""कह"" + 0.005*""वचन"" + 0.005*""प्रणाम"" + 0.005*""भई"""
42,2,"0.005*""सीता"" + 0.005*""राम"" + 0.005*""रावण"" + 0.005*""सुन"" + 0.005*""वचन"" + 0.005*""शोक"" + 0.005*""हनुमान"" + 0.005*""कह"" + 0.005*""भई"" + 0.005*""समीप"""
43,3,"0.035*""सीता"" + 0.018*""राम"" + 0.018*""सुन"" + 0.014*""भई"" + 0.014*""कह"" + 0.014*""वचन"" + 0.014*""हनुमान"" + 0.011*""कुशल"" + 0.011*""रावण"" + 0.011*""वानर"""
44,4,"0.005*""सीता"" + 0.005*""राम"" + 0.005*""सुन"" + 0.005*""कह"" + 0.005*""वचन"" + 0.005*""पवनपुत्र"" + 0.005*""प्रणाम"" + 0.005*""हनुमान"" + 0.005*""समीप"" + 0.005*""वानर"""
45,0,"0.005*""राम"" + 0.005*""सीता"" + 0.005*""वचन"" + 0.005*""कह"" + 0.005*""मार"" + 0.005*""वानर"" + 0.005*""पति"" + 0.005*""सुन"" + 0.005*""हनुमान"" + 0.005*""रावण"""
46,1,"0.005*""राम"" + 0.005*""मार"" + 0.005*""वचन"" + 0.005*""कह"" + 0.005*""सुन"" + 0.005*""बोली"" + 0.005*""सीता"" + 0.005*""देवि"" + 0.005*""रावण"" + 0.005*""पति"""
47,2,"0.005*""राम"" + 0.005*""सीता"" + 0.005*""वचन"" + 0.005*""जल्दी"" + 0.005*""बोली"" + 0.005*""पराक्रम"" + 0.005*""चद्द"" + 0.005*""पति"" + 0.005*""राक्षस"" + 0.005*""विभीषण"""
48,3,"0.052*""राम"" + 0.022*""सीता"" + 0.019*""वचन"" + 0.015*""सुन"" + 0.015*""रावण"" + 0.015*""वानर"" + 0.015*""कह"" + 0.015*""मार"" + 0.011*""बोली"" + 0.011*""राक्षस"""
49,4,"0.005*""राम"" + 0.005*""वानर"" + 0.005*""सीता"" + 0.005*""वचन"" + 0.005*""सुन"" + 0.005*""रावण"" + 0.005*""कह"" + 0.005*""मार"" + 0.005*""देवि"" + 0.005*""देव"""
50,0,"0.004*""कार्य"" + 0.004*""हनुमान"" + 0.004*""राक्षस"" + 0.004*""युद्ध"" + 0.004*""खडा"" + 0.004*""पास"" + 0.004*""पवनपुत्र"" + 0.004*""राम"" + 0.004*""कह"" + 0.004*""सोच"""
51,1,"0.004*""कार्य"" + 0.004*""हनुमान"" + 0.004*""खडा"" + 0.004*""राक्षस"" + 0.004*""नेत्र"" + 0.004*""युद्ध"" + 0.004*""पास"" + 0.004*""पवनपुत्र"" + 0.004*""रावण"" + 0.004*""सीता"""
52,2,"0.004*""कार्य"" + 0.004*""खडा"" + 0.004*""हनुमान"" + 0.004*""सीता"" + 0.004*""युद्ध"" + 0.004*""राम"" + 0.004*""धन"" + 0.004*""साधन"" + 0.004*""नष्ट"" + 0.004*""नेत्र"""
53,3,"0.027*""कार्य"" + 0.017*""हनुमान"" + 0.014*""युद्ध"" + 0.014*""खडा"" + 0.014*""राक्षस"" + 0.010*""पवनपुत्र"" + 0.010*""नेत्र"" + 0.010*""सीता"" + 0.010*""राम"" + 0.010*""रावण"""
54,4,"0.004*""कार्य"" + 0.004*""खडा"" + 0.004*""सीता"" + 0.004*""पास"" + 0.004*""पवनपुत्र"" + 0.004*""राक्षस"" + 0.004*""युद्ध"" + 0.004*""राम"" + 0.004*""नेत्र"" + 0.004*""रावण"""
55,0,"0.024*""राक्षस"" + 0.015*""हनुमान"" + 0.015*""रावण"" + 0.015*""मार"" + 0.012*""वानर"" + 0.009*""राक्षसेंद्र"" + 0.009*""युद्ध"" + 0.009*""सेना"" + 0.009*""मर"" + 0.009*""टूट"""
56,1,"0.004*""राक्षस"" + 0.004*""हनुमान"" + 0.004*""टूट"" + 0.004*""मार"" + 0.004*""राक्षसेंद्र"" + 0.004*""वानर"" + 0.004*""रावण"" + 0.004*""कुमार"" + 0.004*""भर"" + 0.004*""सेनापती"""
57,2,"0.004*""राक्षस"" + 0.004*""रावण"" + 0.004*""हनुमान"" + 0.004*""मार"" + 0.004*""वानर"" + 0.004*""सुन"" + 0.004*""भर"" + 0.004*""राक्षसेंद्र"" + 0.004*""उठा"" + 0.004*""महात्मा"""
58,3,"0.004*""राक्षस"" + 0.004*""रावण"" + 0.004*""मार"" + 0.004*""हनुमान"" + 0.004*""वानर"" + 0.004*""गिर"" + 0.004*""भया"" + 0.004*""भर"" + 0.004*""उठा"" + 0.004*""कुमार"""
59,4,"0.004*""राक्षस"" + 0.004*""मार"" + 0.004*""हनुमान"" + 0.004*""वानर"" + 0.004*""सेना"" + 0.004*""रावण"" + 0.004*""टूट"" + 0.004*""गिर"" + 0.004*""राक्षसेंद्र"" + 0.004*""मर"""
60,0,"0.004*""अहो"" + 0.004*""हनुमान"" + 0.004*""युक्त"" + 0.004*""दूत"" + 0.004*""आग"" + 0.004*""पूंछ"" + 0.004*""कह"" + 0.004*""भाग"" + 0.004*""महात्मा"" + 0.004*""वध"""
61,1,"0.004*""वानर"" + 0.004*""पूंछ"" + 0.004*""हनुमान"" + 0.004*""रावण"" + 0.004*""जान"" + 0.004*""कह"" + 0.004*""वध"" + 0.004*""युक्त"" + 0.004*""दूत"" + 0.004*""अहो"""
62,2,"0.016*""हनुमान"" + 0.016*""वानर"" + 0.013*""वध"" + 0.013*""अहो"" + 0.013*""पूंछ"" + 0.011*""दूत"" + 0.011*""राक्षस"" + 0.011*""आग"" + 0.011*""जान"" + 0.011*""युक्त"""
63,3,"0.004*""वानर"" + 0.004*""अहो"" + 0.004*""जान"" + 0.004*""कह"" + 0.004*""पूंछ"" + 0.004*""हनुमान"" + 0.004*""राक्षस"" + 0.004*""आग"" + 0.004*""रावण"" + 0.004*""दूत"""
64,4,"0.004*""हनुमान"" + 0.004*""पूंछ"" + 0.004*""वध"" + 0.004*""अहो"" + 0.004*""आग"" + 0.004*""दूत"" + 0.004*""कह"" + 0.004*""वानर"" + 0.004*""रावण"" + 0.004*""युक्त"""
65,0,"0.018*""वानर"" + 0.018*""राक्षस"" + 0.018*""मार"" + 0.014*""हनुमान"" + 0.011*""चोटी"" + 0.011*""सब"" + 0.011*""वानरश्रेष्ठ"" + 0.011*""तुल्य"" + 0.011*""बह"" + 0.011*""बडा"""
66,1,"0.005*""मार"" + 0.005*""ध्वनि"" + 0.005*""राक्षस"" + 0.005*""सब"" + 0.005*""तुल्य"" + 0.005*""महातेजस्वी"" + 0.005*""अग्नि"" + 0.005*""वानर"" + 0.005*""बह"" + 0.005*""हनुमान"""
67,2,"0.005*""राक्षस"" + 0.005*""वानर"" + 0.005*""हनुमान"" + 0.005*""मार"" + 0.005*""बह"" + 0.005*""सब"" + 0.005*""बडा"" + 0.005*""ध्वनि"" + 0.005*""चोटी"" + 0.005*""महात्मा"""
68,3,"0.005*""मार"" + 0.005*""राक्षस"" + 0.005*""वानर"" + 0.005*""अग्नि"" + 0.005*""सब"" + 0.005*""वीर"" + 0.005*""चार"" + 0.005*""चोटी"" + 0.005*""तुल्य"" + 0.005*""हनुमान"""
69,4,"0.005*""मार"" + 0.005*""वानर"" + 0.005*""हनुमान"" + 0.005*""सब"" + 0.005*""अग्नि"" + 0.005*""चोटी"" + 0.005*""राक्षस"" + 0.005*""ध्वनि"" + 0.005*""बह"" + 0.005*""बडा"""
70,0,"0.005*""कह"" + 0.005*""सीता"" + 0.005*""राम"" + 0.005*""सब"" + 0.005*""रावण"" + 0.005*""हनुमान"" + 0.005*""वानर"" + 0.005*""सुग्रीव"" + 0.005*""दर्शन"" + 0.005*""महीना"""
71,1,"0.005*""सीता"" + 0.005*""सब"" + 0.005*""दर्शन"" + 0.005*""सुग्रीव"" + 0.005*""रावण"" + 0.005*""राम"" + 0.005*""कह"" + 0.005*""महीना"" + 0.005*""मनोरथ"" + 0.005*""मया"""
72,2,"0.005*""कह"" + 0.005*""सीता"" + 0.005*""राम"" + 0.005*""सुग्रीव"" + 0.005*""रावण"" + 0.005*""महीना"" + 0.005*""सब"" + 0.005*""दर्शन"" + 0.005*""हनुमान"" + 0.005*""अङ्गद"""
73,3,"0.022*""सीता"" + 0.022*""राम"" + 0.018*""कह"" + 0.014*""रावण"" + 0.014*""सब"" + 0.011*""दर्शन"" + 0.011*""वानर"" + 0.011*""सुग्रीव"" + 0.011*""महीना"" + 0.011*""हनुमान"""
74,4,"0.005*""राम"" + 0.005*""सीता"" + 0.005*""कह"" + 0.005*""रावण"" + 0.005*""सब"" + 0.005*""दर्शन"" + 0.005*""सौ"" + 0.005*""सुग्रीव"" + 0.005*""हनुमान"" + 0.005*""जीत"""
75,0,"0.005*""समुद्र"" + 0.005*""तु"" + 0.005*""सीता"" + 0.005*""हनुमान"" + 0.005*""पार"" + 0.005*""मन"" + 0.005*""राम"" + 0.005*""क्षण"" + 0.005*""कार्य"" + 0.005*""वाक्य"""
76,1,"0.005*""मन"" + 0.005*""बडा"" + 0.005*""समुद्र"" + 0.005*""सीता"" + 0.005*""तु"" + 0.005*""हनुमान"" + 0.005*""पार"" + 0.005*""यदन्येन"" + 0.005*""यमा"" + 0.005*""रघुसत्तमः"""
77,2,"0.005*""तु"" + 0.005*""पार"" + 0.005*""हनुमान"" + 0.005*""समुद्र"" + 0.005*""बोल"" + 0.005*""सीता"" + 0.005*""राम"" + 0.005*""गला"" + 0.005*""बडा"" + 0.005*""क्षण"""
78,3,"0.012*""समुद्र"" + 0.012*""पार"" + 0.012*""राम"" + 0.012*""सीता"" + 0.012*""हनुमान"" + 0.012*""तु"" + 0.012*""मन"" + 0.008*""सुन"" + 0.008*""मम"" + 0.008*""बोल"""
79,4,"0.005*""पार"" + 0.005*""यदिहास्य"" + 0.005*""यथावद"" + 0.005*""युक्त"" + 0.005*""यम"" + 0.005*""राक्षसरामस्य"" + 0.005*""यदन्येन"" + 0.005*""मुग्रीव"" + 0.005*""यथा"" + 0.005*""राक्षसी"""
80,0,"0.013*""शोक"" + 0.009*""रामो"" + 0.009*""एव"" + 0.009*""दिशम्"" + 0.009*""सब"" + 0.009*""ततः"" + 0.009*""श्रुत्वा"" + 0.009*""सागर"" + 0.009*""दक्षिणां"" + 0.009*""समुद्र"""
81,1,"0.005*""रामो"" + 0.005*""समुद्र"" + 0.005*""शोक"" + 0.005*""श्रुत्वा"" + 0.005*""दक्षिणां"" + 0.005*""प्रवेश"" + 0.005*""सागर"" + 0.005*""राघवस्य"" + 0.005*""वानरैतुभिः"" + 0.005*""जम्मु"""
82,2,"0.005*""शोक"" + 0.005*""दिशम्"" + 0.005*""सागर"" + 0.005*""स्म"" + 0.005*""नः"" + 0.005*""दक्षिणां"" + 0.005*""एव"" + 0.005*""रणगकर"" + 0.005*""श्रुत्वा"" + 0.005*""रामायण"""
83,3,"0.005*""शोक"" + 0.005*""दक्षिणां"" + 0.005*""सागर"" + 0.005*""ततः"" + 0.005*""नः"" + 0.005*""श्रुत्वा"" + 0.005*""दिशम्"" + 0.005*""प्रचण्ड"" + 0.005*""पूजितः"" + 0.005*""पूर्षमुपस्थिता"""
84,4,"0.005*""शोक"" + 0.005*""सब"" + 0.005*""श्रुत्वा"" + 0.005*""नः"" + 0.005*""ततः"" + 0.005*""समुद्र"" + 0.005*""स्म"" + 0.005*""सागर"" + 0.005*""दिशम्"" + 0.005*""दक्षिणां"""
85,0,"0.038*""राम"" + 0.034*""समुद्र"" + 0.023*""भर"" + 0.019*""सागर"" + 0.015*""सुग्रीव"" + 0.015*""सेना"" + 0.015*""आकाश"" + 0.012*""वचन"" + 0.012*""चढ़ाई"" + 0.012*""लक्ष्मण"""
86,1,"0.005*""राम"" + 0.005*""समुद्र"" + 0.005*""भर"" + 0.005*""सागर"" + 0.005*""सेना"" + 0.005*""सुग्रीव"" + 0.005*""आकाश"" + 0.005*""लक्ष्मण"" + 0.005*""सुन"" + 0.005*""पहुंच"""
87,2,"0.005*""राम"" + 0.005*""समुद्र"" + 0.005*""सुग्रीव"" + 0.005*""सागर"" + 0.005*""सेना"" + 0.005*""भर"" + 0.005*""वानर"" + 0.005*""चल"" + 0.005*""चढ़ाई"" + 0.005*""पहुंच"""
88,3,"0.005*""समुद्र"" + 0.005*""राम"" + 0.005*""सागर"" + 0.005*""आकाश"" + 0.005*""सुग्रीव"" + 0.005*""भर"" + 0.005*""सेना"" + 0.005*""चढ़ाई"" + 0.005*""लक्ष्मण"" + 0.005*""पहुंच"""
89,4,"0.005*""समुद्र"" + 0.005*""राम"" + 0.005*""भर"" + 0.005*""सागर"" + 0.005*""सेना"" + 0.005*""आकाश"" + 0.005*""लक्ष्मण"" + 0.005*""वानर"" + 0.005*""वृक्ष"" + 0.005*""चढ़ाई"""
90,0,"0.004*""रावण"" + 0.004*""विभीषण"" + 0.004*""सीता"" + 0.004*""वचन"" + 0.004*""राम"" + 0.004*""मार"" + 0.004*""समझ"" + 0.004*""युद्ध"" + 0.004*""कह"" + 0.004*""सेना"""
91,1,"0.004*""रावण"" + 0.004*""विभीषण"" + 0.004*""सीता"" + 0.004*""युक्त"" + 0.004*""मन्त्री"" + 0.004*""मार"" + 0.004*""विसर्जन"" + 0.004*""वचन"" + 0.004*""कह"" + 0.004*""हित"""
92,2,"0.021*""रावण"" + 0.017*""सीता"" + 0.017*""विभीषण"" + 0.014*""वचन"" + 0.011*""कह"" + 0.011*""मार"" + 0.011*""सेना"" + 0.011*""मन्त्री"" + 0.011*""सब"" + 0.011*""हित"""
93,3,"0.004*""रावण"" + 0.004*""सीता"" + 0.004*""कह"" + 0.004*""वचन"" + 0.004*""राम"" + 0.004*""मन्त्री"" + 0.004*""विभीषण"" + 0.004*""सब"" + 0.004*""युद्ध"" + 0.004*""सेना"""
94,4,"0.004*""सीता"" + 0.004*""वचन"" + 0.004*""विभीषण"" + 0.004*""मार"" + 0.004*""सब"" + 0.004*""रावण"" + 0.004*""राम"" + 0.004*""कह"" + 0.004*""महावली"" + 0.004*""कामना"""
95,0,"0.019*""सभा"" + 0.019*""बोल"" + 0.019*""रावण"" + 0.015*""काम"" + 0.012*""विचार"" + 0.012*""जान"" + 0.012*""सेना"" + 0.012*""आरम्भ"" + 0.012*""सब"" + 0.012*""पीछे"""
96,1,"0.005*""रावण"" + 0.005*""सोच"" + 0.005*""योग्य"" + 0.005*""विचार"" + 0.005*""सेना"" + 0.005*""सभा"" + 0.005*""बोल"" + 0.005*""काम"" + 0.005*""मुनहरी"" + 0.005*""महावल"""
97,2,"0.005*""सोच"" + 0.005*""बोल"" + 0.005*""रावण"" + 0.005*""जान"" + 0.005*""सेना"" + 0.005*""आरम्भ"" + 0.005*""सभा"" + 0.005*""पीछे"" + 0.005*""काम"" + 0.005*""वचन"""
98,3,"0.005*""रावण"" + 0.005*""बोल"" + 0.005*""काम"" + 0.005*""सभा"" + 0.005*""सेना"" + 0.005*""पीछे"" + 0.005*""विचार"" + 0.005*""सब"" + 0.005*""तुल्य"" + 0.005*""आरम्भ"""
99,4,"0.005*""रावण"" + 0.005*""सभा"" + 0.005*""काम"" + 0.005*""बोल"" + 0.005*""आरम्भ"" + 0.005*""जान"" + 0.005*""सोच"" + 0.005*""सब"" + 0.005*""पीछे"" + 0.005*""तुल्य"""
100,0,"0.020*""विभीषण"" + 0.017*""सुन"" + 0.017*""बोल"" + 0.017*""राम"" + 0.017*""कह"" + 0.015*""वाक्य"" + 0.012*""शत्रु"" + 0.012*""बडा"" + 0.012*""सीता"" + 0.009*""तुल्य"""
101,1,"0.004*""राम"" + 0.004*""विभीषण"" + 0.004*""बोल"" + 0.004*""कह"" + 0.004*""सुन"" + 0.004*""वाक्य"" + 0.004*""शत्रु"" + 0.004*""हित"" + 0.004*""बडा"" + 0.004*""सीता"""
102,2,"0.004*""बोल"" + 0.004*""कह"" + 0.004*""राम"" + 0.004*""विभीषण"" + 0.004*""सुन"" + 0.004*""वाक्य"" + 0.004*""सीता"" + 0.004*""तुल्य"" + 0.004*""हित"" + 0.004*""बडा"""
103,3,"0.004*""कह"" + 0.004*""विभीषण"" + 0.004*""बोल"" + 0.004*""वाक्य"" + 0.004*""बडा"" + 0.004*""शत्रु"" + 0.004*""राम"" + 0.004*""सीता"" + 0.004*""सुन"" + 0.004*""तुल्य"""
104,4,"0.004*""सुन"" + 0.004*""राम"" + 0.004*""वाक्य"" + 0.004*""बोल"" + 0.004*""विभीषण"" + 0.004*""शत्रु"" + 0.004*""कह"" + 0.004*""राजा"" + 0.004*""वचन"" + 0.004*""सीता"""
105,0,"0.005*""कह"" + 0.005*""वाक्य"" + 0.005*""विभीषण"" + 0.005*""कठोर"" + 0.005*""राक्षस"" + 0.005*""रावण"" + 0.005*""भाई"" + 0.005*""छोटा"" + 0.005*""वचन"" + 0.005*""मया"""
106,1,"0.005*""कह"" + 0.005*""हि"" + 0.005*""राक्षस"" + 0.005*""भाई"" + 0.005*""विभीषण"" + 0.005*""वाक्य"" + 0.005*""कठोर"" + 0.005*""वचन"" + 0.005*""रावण"" + 0.005*""यच्चोकं"""
107,2,"0.005*""कह"" + 0.005*""वाक्य"" + 0.005*""रावण"" + 0.005*""कठोर"" + 0.005*""वचन"" + 0.005*""राक्षस"" + 0.005*""भाई"" + 0.005*""विभीषण"" + 0.005*""हि"" + 0.005*""भय"""
108,3,"0.005*""कह"" + 0.005*""भाई"" + 0.005*""वाक्य"" + 0.005*""रावण"" + 0.005*""राक्षस"" + 0.005*""हि"" + 0.005*""विभीषण"" + 0.005*""वचन"" + 0.005*""राजन्"" + 0.005*""ज्ञाति"""
109,4,"0.031*""कह"" + 0.023*""वाक्य"" + 0.016*""विभीषण"" + 0.016*""रावण"" + 0.016*""भाई"" + 0.016*""राक्षस"" + 0.012*""हि"" + 0.012*""कठोर"" + 0.012*""वचन"" + 0.008*""मया"""
110,0,"0.005*""वाक्य"" + 0.005*""सुन"" + 0.005*""राम"" + 0.005*""सीता"" + 0.005*""तु"" + 0.005*""शृणु"" + 0.005*""बोल"" + 0.005*""सुग्रीव"" + 0.005*""भाई"" + 0.005*""विभीषण"""
111,1,"0.005*""वाक्य"" + 0.005*""रावण"" + 0.005*""सुन"" + 0.005*""राम"" + 0.005*""भाई"" + 0.005*""कह"" + 0.005*""बोल"" + 0.005*""वा"" + 0.005*""विभीषण"" + 0.005*""शृणु"""
112,2,"0.005*""वाक्य"" + 0.005*""बोल"" + 0.005*""विभीषण"" + 0.005*""भाई"" + 0.005*""सुन"" + 0.005*""राम"" + 0.005*""दीन"" + 0.005*""रावण"" + 0.005*""कह"" + 0.005*""सीता"""
113,3,"0.022*""वाक्य"" + 0.013*""भाई"" + 0.013*""विभीषण"" + 0.013*""बोल"" + 0.013*""राम"" + 0.013*""वा"" + 0.013*""सुन"" + 0.009*""शृणु"" + 0.009*""जल्दी"" + 0.009*""त्याग"""
114,4,"0.005*""राम"" + 0.005*""वाक्य"" + 0.005*""सुन"" + 0.005*""विभीषण"" + 0.005*""बोल"" + 0.005*""भाई"" + 0.005*""वा"" + 0.005*""जल्दी"" + 0.005*""शृणु"" + 0.005*""शरण"""
115,0,"0.006*""सब"" + 0.006*""कह"" + 0.006*""सुन"" + 0.006*""राम"" + 0.006*""विभीषण"" + 0.006*""राक्षस"" + 0.006*""छोटा"" + 0.006*""दोष"" + 0.006*""रावण"" + 0.006*""शुद्ध"""
116,1,"0.006*""कह"" + 0.006*""सब"" + 0.006*""राम"" + 0.006*""विभीषण"" + 0.006*""राक्षस"" + 0.006*""वचन"" + 0.006*""पी"" + 0.006*""नेत्र"" + 0.006*""धानरश्रेष्ठ"" + 0.006*""दोष"""
117,2,"0.006*""सब"" + 0.006*""राम"" + 0.006*""कह"" + 0.006*""वचन"" + 0.006*""विभीषण"" + 0.006*""सुन"" + 0.006*""शत्रु"" + 0.006*""रावण"" + 0.006*""भाई"" + 0.006*""शुद्ध"""
118,3,"0.006*""कह"" + 0.006*""सब"" + 0.006*""राम"" + 0.006*""विभीषण"" + 0.006*""सुन"" + 0.006*""वचन"" + 0.006*""रावण"" + 0.006*""राक्षस"" + 0.006*""शुद्ध"" + 0.006*""भाई"""
119,4,"0.029*""सब"" + 0.029*""कह"" + 0.025*""राम"" + 0.021*""विभीषण"" + 0.017*""वचन"" + 0.017*""सुन"" + 0.013*""राक्षस"" + 0.013*""शुद्ध"" + 0.013*""शरणागत"" + 0.013*""शत्रु"""
120,0,"0.005*""राम"" + 0.005*""रावण"" + 0.005*""समुद्र"" + 0.005*""पर्वत"" + 0.005*""सेतु"" + 0.005*""सेना"" + 0.005*""लक्ष्मण"" + 0.005*""बडा"" + 0.005*""वानर"" + 0.005*""युद्ध"""
121,1,"0.005*""राम"" + 0.005*""विभीषण"" + 0.005*""भये"" + 0.005*""जीत"" + 0.005*""समेत"" + 0.005*""कह"" + 0.005*""समुद्र"" + 0.005*""सब"" + 0.005*""देवता"" + 0.005*""योजन"""
122,2,"0.005*""राम"" + 0.005*""समुद्र"" + 0.005*""पर्वत"" + 0.005*""सेना"" + 0.005*""रावण"" + 0.005*""सेतु"" + 0.005*""वानर"" + 0.005*""विभीषण"" + 0.005*""लक्ष्मण"" + 0.005*""सुन"""
123,3,"0.031*""राम"" + 0.021*""समुद्र"" + 0.017*""रावण"" + 0.014*""सेना"" + 0.014*""सेतु"" + 0.014*""वानर"" + 0.014*""पर्वत"" + 0.011*""युद्ध"" + 0.011*""सुन"" + 0.011*""बडा"""
124,4,"0.005*""राम"" + 0.005*""समुद्र"" + 0.005*""वानर"" + 0.005*""सेना"" + 0.005*""सेतु"" + 0.005*""लक्ष्मण"" + 0.005*""रावण"" + 0.005*""सब"" + 0.005*""पर्वत"" + 0.005*""मूल"""
125,0,"0.005*""सेना"" + 0.005*""सारण"" + 0.005*""कह"" + 0.005*""वानर"" + 0.005*""राक्षस"" + 0.005*""राम"" + 0.005*""गुप्तचर"" + 0.005*""सब"" + 0.005*""विभीषण"" + 0.005*""रावण"""
126,1,"0.005*""सेना"" + 0.005*""सारण"" + 0.005*""कह"" + 0.005*""वानर"" + 0.005*""गुप्तचर"" + 0.005*""बोल"" + 0.005*""शुक"" + 0.005*""बांध"" + 0.005*""राम"" + 0.005*""रघुनन्दन"""
127,2,"0.005*""सेना"" + 0.005*""सारण"" + 0.005*""कह"" + 0.005*""राम"" + 0.005*""राक्षस"" + 0.005*""वानर"" + 0.005*""दिखला"" + 0.005*""विभीषण"" + 0.005*""रावण"" + 0.005*""लक्ष्मण"""
128,3,"0.005*""सेना"" + 0.005*""कह"" + 0.005*""सारण"" + 0.005*""राम"" + 0.005*""वानर"" + 0.005*""राक्षस"" + 0.005*""गुप्तचर"" + 0.005*""शुक"" + 0.005*""बोल"" + 0.005*""वचन"""
129,4,"0.036*""सेना"" + 0.029*""सारण"" + 0.025*""कह"" + 0.025*""राम"" + 0.022*""वानर"" + 0.018*""राक्षस"" + 0.014*""गुप्तचर"" + 0.014*""बोल"" + 0.014*""शुक"" + 0.011*""विभीषण"""
